date,1990,1991,1992,1993,1994,1995,1996,1997,1998,1999,2000,2001,2002,2003,2004,2005,2006,2007,2008,2009,2010,2011,2012,2013,2014,2015,2016,2017,2018,2019,2020,2021,2022,2023,2024,10%,30%,70%,90%,Min,Median (POR),Max
10-01,30.92,48.92,48.2,48.74,39.02,40.28,29.66,42.8,49.28,44.6,34.34,38.66,50.54,26.06,45.32,39.02,52.34,50.18,39.92,52.7,24.62,47.12,52.52,46.94,36.32,32.72,46.58,43.34,30.38,42.08,28.76,45.5,42.08,37.94,41.18,29.876,38.588,46.958,50.432,24.62,42.44,52.7
10-02,24.08,34.34,43.88,48.56,40.82,27.86,27.5,42.62,45.32,39.02,28.4,38.48,48.74,29.48,43.34,43.34,36.14,43.16,29.66,52.52,31.28,50.54,46.58,48.74,35.78,31.82,42.62,40.46,28.22,48.2,27.14,43.7,42.98,35.78,36.68,27.968,34.088,43.376,48.686,24.08,40.64,52.52
10-03,28.76,26.42,27.86,43.52,44.42,22.1,30.2,44.42,37.94,34.16,33.8,36.32,42.98,30.38,41.36,41.9,32.72,36.14,33.62,44.42,34.7,51.8,46.22,29.48,26.6,35.42,37.4,35.42,27.5,46.22,30.02,43.52,43.52,37.04,34.88,27.608,32.486,42.008,44.42,22.1,35.78,51.8
10-04,27.68,43.88,20.66,31.64,45.5,34.16,24.26,45.68,42.98,30.74,41.54,33.44,26.24,33.44,44.6,41.72,27.86,39.56,33.08,38.48,26.42,47.66,45.5,26.6,23.18,44.24,36.14,29.66,32.72,39.2,31.46,48.74,46.04,39.74,35.96,26.294,31.388,41.846,45.626,20.66,35.15,48.74
10-05,27.5,41.36,30.74,33.08,45.68,36.14,21.74,50.36,34.88,31.46,44.6,27.86,30.56,34.34,45.14,41.9,27.86,43.88,35.24,36.14,22.1,44.6,42.08,23.72,29.3,46.76,42.62,30.2,33.26,29.3,26.42,46.4,50.36,42.44,37.4,26.744,30.524,42.458,46.184,21.74,35.06,50.36
10-06,28.94,20.48,40.28,25.16,44.96,30.2,26.78,45.14,34.7,39.2,42.44,25.7,39.02,37.76,44.78,41.9,29.48,45.32,30.38,34.7,28.58,46.04,36.32,23.72,35.96,47.84,43.7,29.48,35.24,30.92,29.3,47.12,46.58,41.54,37.76,26.024,30.128,41.954,45.824,20.48,36.14,47.84
10-07,32.18,15.62,41.54,19.76,32.9,30.38,26.96,45.32,36.32,43.88,39.2,29.84,43.88,40.28,46.04,39.2,39.56,35.06,26.78,40.1,21.2,44.96,30.92,34.7,42.44,48.02,44.6,33.8,39.02,31.46,35.06,46.58,39.74,39.2,42.62,26.834,32.828,40.406,45.212,15.62,39.11,48.02
10-08,36.68,16.16,39.2,26.96,20.66,33.08,24.44,44.96,27.68,42.98,43.34,37.22,36.68,37.04,46.94,43.88,37.58,32.18,33.98,34.34,19.4,36.32,32.18,37.4,37.22,44.6,44.6,39.74,24.98,29.12,41.36,49.28,37.76,40.64,43.88,24.602,32.99,39.83,44.6,16.16,37.13,49.28
10-09,38.84,26.24,41.36,32.0,28.22,36.68,33.8,44.06,31.28,36.5,45.68,40.1,28.22,40.28,49.28,44.78,32.36,25.88,37.94,22.64,9.32,37.22,32.72,33.62,32.0,42.08,46.94,45.86,25.7,27.86,16.16,44.24,36.5,42.8,43.52,25.754,31.928,40.388,45.41,9.32,36.5,49.28
10-10,44.96,30.56,45.68,36.14,30.02,39.02,40.28,50.54,35.24,34.34,48.2,42.44,28.22,42.8,28.58,37.04,32.54,30.2,42.98,20.3,7.88,39.56,34.16,40.1,36.86,42.98,53.78,45.32,32.18,26.06,7.52,44.6,33.8,44.06,42.98,26.708,32.504,42.818,45.572,7.52,36.95,53.78
10-11,42.08,23.0,45.5,38.84,33.8,36.32,48.2,49.28,28.94,32.54,50.18,34.52,27.14,26.78,29.48,39.92,37.04,35.42,35.24,19.58,14.18,39.74,33.98,39.56,30.2,39.74,44.96,29.12,36.86,25.88,20.66,29.12,25.34,40.28,35.42,23.702,29.12,39.578,45.338,14.18,34.88,50.18
10-12,44.06,27.86,45.32,43.88,35.6,31.46,27.5,45.32,20.12,39.56,46.94,29.84,23.54,22.46,33.62,36.86,35.06,37.94,38.48,24.44,18.5,32.72,33.26,44.06,30.38,31.46,43.16,30.02,28.76,30.92,28.76,33.62,21.38,42.62,33.44,22.784,29.732,37.994,44.06,18.5,32.99,46.94
10-13,41.54,25.52,38.3,37.04,33.98,33.98,23.54,43.88,26.24,43.88,46.4,30.56,31.46,32.72,30.38,34.34,40.46,36.5,36.68,22.28,31.82,36.32,35.96,37.94,29.84,31.82,46.58,41.36,25.52,21.38,32.72,35.78,21.92,40.82,32.72,24.134,31.37,37.13,43.178,21.38,34.16,46.58
10-14,39.92,22.28,44.78,26.6,32.0,35.24,32.9,31.64,32.18,34.7,40.64,30.56,28.4,33.98,29.66,41.0,42.8,38.3,36.32,32.9,34.16,44.24,41.18,39.92,26.06,40.64,46.58,40.28,23.9,14.72,37.22,28.4,22.82,42.62,35.06,24.548,31.532,39.956,42.746,14.72,34.43,46.58
10-15,23.72,29.84,47.48,18.86,31.1,28.4,40.46,27.32,33.44,32.0,22.28,32.54,24.44,33.98,31.82,35.96,43.52,37.22,37.76,37.58,32.72,43.16,44.78,39.74,23.0,43.7,39.92,35.78,31.64,26.06,36.86,24.8,26.96,37.58,37.58,23.936,29.696,37.58,43.412,18.86,33.08,47.48
10-16,24.26,24.98,49.28,29.66,29.66,27.32,39.38,19.04,39.02,30.02,19.94,35.42,36.86,32.54,36.14,39.02,41.72,31.28,37.04,30.74,39.2,37.58,37.22,35.42,26.96,32.72,43.88,33.26,34.7,36.5,42.62,31.64,32.9,37.4,45.32,25.574,31.226,37.238,41.018,19.04,35.06,49.28
10-17,22.1,18.32,36.5,34.34,,28.58,33.26,13.28,42.08,31.1,26.6,37.04,37.4,33.98,46.76,38.3,41.0,20.12,30.2,39.38,43.88,36.68,30.2,27.86,26.24,36.14,45.68,30.2,39.56,35.78,39.38,34.52,38.12,42.62,45.14,22.928,30.2,38.192,42.512,13.28,35.78,46.76
10-18,29.3,30.38,28.04,36.5,28.58,29.66,26.96,26.6,35.96,30.92,27.32,41.18,28.58,33.62,47.48,29.84,41.36,23.54,25.52,44.24,46.4,36.32,32.0,31.64,26.96,42.62,42.08,29.66,41.9,37.22,28.4,32.54,39.92,43.34,42.98,26.96,29.228,37.49,43.124,23.54,31.82,47.48
10-19,35.96,23.18,30.92,38.66,26.06,30.92,20.66,21.56,35.96,28.94,30.2,37.22,33.62,35.06,48.56,28.76,43.34,31.1,33.8,37.94,36.14,38.84,36.32,37.94,31.64,40.82,38.48,28.4,42.62,36.68,26.78,35.78,35.06,42.44,44.6,26.276,30.92,37.292,41.954,20.66,35.42,48.56
10-20,40.82,15.08,33.44,39.92,22.46,32.9,32.18,12.2,30.56,28.4,37.94,36.68,33.98,35.06,46.76,32.9,36.68,28.4,25.7,40.64,28.94,39.56,36.68,37.04,31.46,43.7,35.96,30.38,34.52,39.92,24.44,32.72,35.42,44.24,44.96,24.818,31.37,36.716,40.766,12.2,34.25,46.76
10-21,34.52,22.28,35.6,43.16,,26.78,27.32,15.44,32.54,37.22,36.68,33.08,35.06,34.88,47.66,31.28,34.88,21.56,22.46,22.82,28.22,40.64,37.04,33.98,34.34,36.68,36.32,37.94,24.8,40.1,25.7,29.84,37.76,41.54,42.08,22.532,29.192,36.68,40.532,15.44,34.52,47.66
10-22,35.24,25.52,31.28,35.78,34.7,24.26,15.26,20.3,34.34,37.22,38.66,29.3,34.16,21.92,47.48,28.4,38.3,22.82,29.12,21.74,31.28,39.92,38.66,32.36,34.88,33.62,37.04,39.2,32.54,39.02,29.84,11.12,39.92,32.54,41.18,21.794,29.282,35.906,39.146,11.12,33.08,47.48
10-23,36.68,23.0,22.46,35.78,36.32,26.96,14.36,22.46,28.04,35.24,38.84,34.7,26.42,25.16,43.7,29.66,40.1,27.32,33.08,34.34,29.3,37.04,40.64,25.52,39.38,40.46,35.24,38.66,31.28,37.76,21.74,13.28,32.72,23.18,37.04,22.46,26.906,36.356,39.884,13.28,32.9,43.7
10-24,35.42,27.68,16.88,41.36,39.56,26.78,24.8,24.44,16.16,36.14,40.64,37.4,18.68,28.22,27.32,22.82,41.54,32.9,40.82,33.44,28.4,33.98,37.22,17.78,37.04,43.52,37.22,38.12,34.7,37.04,21.38,11.3,34.16,22.64,33.62,18.05,26.582,37.058,40.766,11.3,33.71,43.52
10-25,32.9,37.58,21.02,36.86,26.78,29.66,27.86,21.56,18.32,35.6,42.08,34.88,22.82,24.08,30.74,22.64,42.8,26.42,43.52,37.22,22.1,25.16,19.4,15.62,37.4,48.02,39.02,38.84,39.92,35.96,33.08,-4.72,40.46,24.98,31.82,19.886,24.89,37.238,41.594,-4.72,31.82,48.02
10-26,27.14,37.76,27.5,38.48,,36.14,28.76,11.66,28.04,36.5,44.96,35.78,30.92,23.18,40.1,27.14,37.76,23.9,30.38,35.24,20.84,22.28,17.96,18.86,37.22,30.56,33.8,41.72,28.4,37.22,19.58,11.66,30.02,23.54,18.14,19.004,25.844,35.924,38.336,11.66,30.02,44.96
10-27,24.62,33.62,19.04,33.8,28.94,35.78,24.98,17.78,29.48,39.56,33.98,36.32,43.34,27.86,36.86,33.08,36.32,30.2,30.02,40.46,24.44,22.46,23.9,24.44,37.22,24.98,29.12,46.04,34.7,33.62,3.74,24.44,29.3,22.28,18.68,22.334,24.944,34.052,38.858,3.74,29.75,46.04
10-28,19.4,42.44,5.0,32.18,23.72,25.34,25.52,26.24,28.94,34.52,34.16,36.14,41.36,23.54,36.14,32.36,33.98,32.18,37.76,45.5,14.9,26.6,27.5,33.26,24.62,25.52,28.22,38.66,38.66,41.9,2.84,29.84,33.44,23.54,11.3,20.642,25.52,34.196,40.55,2.84,31.01,45.5
10-29,15.26,38.48,0.5,31.82,8.96,17.78,22.28,24.98,30.74,27.5,27.86,34.34,41.9,9.32,23.18,26.78,30.2,34.16,41.72,38.48,14.72,35.96,32.9,37.58,27.5,31.28,29.84,36.5,30.02,30.74,-4.18,32.18,40.46,25.52,9.14,10.94,25.466,33.026,38.48,-4.18,30.11,41.9
10-30,16.88,40.28,2.48,29.12,24.62,16.16,15.44,18.5,33.26,27.86,31.46,34.16,42.98,4.1,7.52,26.6,24.8,12.74,30.2,41.36,27.86,35.42,35.06,39.2,29.12,34.7,30.02,39.74,17.78,24.08,6.26,37.4,33.26,26.96,15.44,9.086,23.522,33.35,39.578,2.48,28.49,42.98
10-31,11.84,37.58,10.58,24.26,26.42,21.2,12.38,17.24,27.68,29.3,37.58,32.0,33.08,9.14,6.62,17.78,27.68,10.22,25.16,38.66,31.28,32.54,33.8,37.22,27.86,37.22,35.42,30.74,26.06,23.72,14.72,32.0,24.26,33.26,21.92,10.958,23.468,32.054,37.22,6.62,27.68,38.66
11-01,8.6,23.72,-4.0,23.9,17.42,26.78,-3.28,26.42,23.18,29.48,19.58,22.82,30.38,9.5,12.38,10.76,37.58,14.72,30.2,39.56,32.54,31.64,18.32,38.66,27.86,38.3,35.6,31.28,26.24,31.46,16.88,32.9,28.22,34.88,27.5,9.878,19.454,31.298,36.986,-4.0,26.6,39.56
11-02,20.12,12.38,-4.54,17.96,20.84,8.96,0.86,25.52,18.86,30.38,30.02,17.42,33.26,9.86,15.44,24.62,37.58,25.34,28.94,36.86,31.1,35.6,12.38,32.36,33.44,28.58,31.28,30.74,26.24,32.9,24.98,35.24,33.44,26.24,30.56,10.616,19.994,31.118,34.7,-4.54,26.24,37.58
11-03,22.82,13.28,6.8,13.64,24.26,4.82,9.5,25.52,27.68,26.24,36.32,18.68,31.1,17.24,18.86,29.66,25.7,32.18,31.82,31.64,29.48,31.64,22.82,32.54,20.48,26.06,31.1,35.24,32.54,28.22,27.32,37.04,33.8,17.6,33.8,13.388,22.586,31.154,33.422,4.82,26.78,37.04
11-04,25.16,21.02,16.7,10.94,17.06,11.12,15.8,26.42,30.38,21.56,36.68,26.06,33.44,19.4,7.88,29.3,24.44,33.44,34.88,26.06,33.8,34.52,31.64,36.5,13.64,27.68,24.8,37.4,22.82,28.04,29.66,40.28,36.86,19.22,34.7,14.288,21.506,31.82,36.626,7.88,26.24,40.28
11-05,20.48,14.0,25.88,18.68,10.76,17.78,21.56,13.1,29.12,26.24,37.76,18.68,39.38,23.18,5.18,34.34,20.66,33.08,33.26,19.58,42.26,36.86,21.38,37.94,13.64,31.82,20.66,35.42,19.76,23.9,33.08,42.26,34.7,24.44,33.8,13.748,20.408,33.098,37.886,5.18,24.17,42.26
11-06,19.04,3.02,24.62,20.66,13.1,24.98,14.72,12.38,31.28,21.56,39.38,11.84,35.24,29.48,7.7,35.6,30.56,36.5,34.52,16.16,33.08,41.18,15.26,37.04,22.82,36.5,18.5,37.58,15.44,20.3,24.26,41.72,33.44,15.44,33.44,12.596,18.266,33.548,37.418,3.02,24.44,41.72
11-07,17.78,9.68,22.64,25.34,15.98,18.32,20.66,16.7,34.34,20.12,41.18,11.66,26.96,34.34,11.66,30.74,34.34,41.72,38.12,26.96,27.14,38.3,15.8,41.0,31.1,33.08,21.74,36.32,8.06,17.42,19.94,39.38,27.32,25.16,27.68,12.902,19.778,33.206,39.056,8.06,26.15,41.72
11-08,18.86,18.86,30.92,21.2,15.62,6.08,30.2,26.06,24.98,19.58,40.28,15.44,26.6,29.48,20.12,36.68,23.36,34.88,37.4,31.28,18.5,32.36,18.5,33.98,26.24,33.26,23.18,37.04,19.94,14.0,30.74,22.64,21.02,25.88,23.9,16.484,20.102,30.758,36.14,6.08,25.43,40.28
11-09,30.02,27.86,27.5,15.44,19.94,20.3,20.84,30.38,15.8,12.02,32.54,12.02,35.06,25.88,27.32,40.46,22.28,24.26,38.84,33.08,26.24,22.28,17.78,25.88,28.58,33.98,28.22,39.02,28.94,17.06,37.04,14.18,27.68,23.36,21.38,15.548,22.136,29.048,36.446,12.02,26.78,40.46
11-10,34.34,32.9,18.68,10.04,26.06,24.8,9.86,29.48,12.56,13.64,36.5,3.02,30.74,23.9,26.78,29.48,37.94,19.22,36.68,32.0,31.1,17.96,23.54,11.12,35.24,10.22,23.0,37.22,29.48,16.16,29.48,13.82,21.74,12.74,21.2,10.49,17.78,29.606,36.122,3.02,24.35,37.94
11-11,36.14,33.26,21.92,11.84,19.94,24.62,23.0,27.86,8.96,19.58,40.1,8.6,31.1,22.82,22.82,29.3,39.02,24.26,26.42,26.6,29.84,15.98,27.68,7.16,33.26,-9.58,17.96,37.76,26.24,8.96,12.92,14.0,21.74,8.96,28.04,8.96,17.762,27.698,35.276,-9.58,22.91,40.1
11-12,34.34,33.62,28.22,17.6,18.86,25.88,27.14,30.74,17.24,21.38,42.08,4.82,35.42,25.16,18.68,26.06,21.92,16.88,26.24,28.94,20.3,21.92,21.92,15.98,32.18,-12.82,21.56,38.48,24.98,9.32,26.42,11.12,32.36,14.18,29.3,12.038,18.842,27.248,34.124,-12.82,23.45,42.08
11-13,24.62,37.76,26.6,24.08,13.1,12.92,28.22,31.82,15.98,27.32,41.0,4.1,35.6,27.14,27.32,26.6,20.48,22.82,24.8,23.36,15.08,19.94,19.76,22.46,35.24,3.38,25.7,37.22,33.8,21.38,26.06,20.66,34.16,12.2,35.78,12.974,20.642,27.32,35.492,3.38,24.71,41.0
11-14,14.36,37.94,15.62,26.96,10.76,5.18,31.28,22.1,-1.12,32.18,36.5,15.62,32.9,23.54,26.96,24.44,16.16,19.22,13.46,19.58,7.52,24.44,19.76,24.44,27.32,15.08,29.12,37.4,26.06,26.06,26.42,16.34,35.24,14.36,34.88,11.57,16.106,26.96,34.538,-1.12,23.99,37.94
11-15,12.02,19.58,10.22,26.96,16.7,13.28,28.22,13.82,7.34,32.54,40.1,12.02,32.54,19.58,26.06,25.16,8.6,19.4,32.54,19.76,8.42,26.42,14.36,24.98,23.0,-0.22,27.5,37.4,24.98,28.4,33.44,22.46,38.84,17.6,36.32,9.086,16.466,27.014,33.17,-0.22,22.73,40.1
11-16,20.48,22.46,12.56,22.82,20.66,15.26,32.72,10.04,13.46,28.76,36.68,7.34,33.98,26.42,25.16,32.0,18.5,27.5,33.26,29.12,21.38,24.62,9.32,31.1,19.76,8.6,22.64,27.5,32.54,24.8,27.32,29.84,24.62,19.94,35.06,10.796,20.426,27.626,32.666,7.34,24.62,36.68
11-17,23.54,30.38,20.66,24.26,25.52,6.62,33.44,16.34,21.92,28.76,36.32,9.32,33.62,25.34,22.28,31.46,22.46,24.98,34.16,34.7,33.62,22.28,25.52,31.82,18.68,12.74,19.4,17.6,21.56,13.46,29.66,36.86,8.6,1.4,29.12,10.346,20.534,29.732,33.998,1.4,23.9,36.86
11-18,26.42,26.6,19.04,22.46,12.38,0.32,33.44,24.98,21.02,21.38,26.96,12.56,24.8,22.64,24.98,26.96,22.28,25.34,35.06,36.68,31.28,29.84,18.5,31.82,30.2,15.62,18.32,11.12,15.62,17.78,33.08,34.34,22.1,2.12,28.94,12.434,18.986,26.96,33.332,0.32,23.72,36.68
11-19,29.48,25.88,15.98,15.98,8.78,8.42,20.84,31.64,24.08,19.58,26.42,13.64,24.8,26.06,34.16,18.32,25.16,26.06,32.54,34.16,25.52,24.8,12.56,31.46,31.28,20.3,18.5,27.86,20.12,23.54,35.06,24.26,29.12,12.02,30.38,12.884,20.066,26.564,32.27,8.42,24.8,35.06
11-20,28.4,20.12,20.84,12.2,14.0,11.66,16.7,27.14,23.72,22.46,26.42,17.24,31.1,32.36,21.74,11.12,28.58,35.96,9.86,25.7,24.98,21.38,18.5,35.06,23.36,26.42,9.32,34.34,27.68,23.72,21.38,12.2,24.62,16.34,20.84,11.822,18.374,26.42,31.982,9.32,22.91,35.96
11-21,30.02,11.48,13.28,11.12,,0.68,28.58,27.5,21.2,28.76,16.88,20.48,28.94,31.46,9.14,11.12,28.76,35.6,0.68,19.4,22.28,16.34,25.52,31.64,4.46,27.86,11.48,31.46,30.92,25.88,15.98,10.76,20.84,19.58,28.22,9.464,14.9,28.148,31.352,0.68,20.84,35.6
11-22,21.56,20.66,1.58,16.7,18.14,-1.12,28.76,27.14,15.26,25.7,13.46,23.36,27.68,34.88,0.32,20.84,30.02,33.98,6.44,21.56,12.2,13.82,26.42,16.34,13.64,25.52,20.3,22.82,37.94,28.4,22.1,12.2,26.42,23.18,29.84,8.168,16.232,25.772,29.642,-1.12,21.56,37.94
11-23,25.52,24.62,4.46,4.64,-5.98,18.32,29.3,15.44,20.3,27.68,11.12,20.12,23.54,18.86,4.64,20.66,26.78,23.72,14.54,16.7,17.24,11.12,32.9,25.52,18.5,18.5,25.16,24.26,40.46,23.36,24.08,18.86,26.24,20.84,20.12,6.584,18.212,24.296,27.41,-5.98,20.48,40.46
11-24,21.2,29.84,16.52,-0.58,-12.82,20.3,31.46,19.58,30.56,25.16,16.88,19.04,19.04,5.0,11.48,23.18,23.9,19.04,17.42,20.12,17.96,-8.86,33.62,29.66,26.96,18.14,29.48,19.22,33.08,20.48,24.44,14.9,17.42,22.82,10.76,6.944,17.906,23.954,30.344,-12.82,19.85,33.62
11-25,14.18,31.64,21.2,5.9,-0.58,21.56,31.82,17.96,24.08,25.7,25.34,17.6,18.68,16.88,9.68,28.04,26.06,20.84,21.56,27.86,26.96,-4.0,19.4,23.54,29.3,23.0,12.02,26.42,30.92,15.26,10.4,19.58,20.48,30.38,14.18,9.896,17.924,25.736,30.056,-4.0,21.38,31.82
11-26,14.18,13.28,19.04,10.94,7.34,10.22,20.66,9.32,22.1,35.42,30.2,21.02,12.74,17.78,13.46,18.14,22.64,19.94,18.32,27.32,26.24,12.74,11.3,10.04,23.54,31.28,3.56,26.78,40.82,18.14,7.52,14.18,28.58,22.28,17.06,9.536,13.226,22.316,29.714,3.56,18.23,40.82
11-27,10.04,5.18,18.32,13.28,11.66,4.46,14.0,14.18,26.6,34.52,29.12,21.2,8.42,26.06,11.84,12.2,12.92,21.74,18.68,25.52,28.94,23.54,26.96,24.26,26.24,33.62,5.18,22.82,28.4,24.26,8.24,17.06,27.86,19.04,16.7,8.294,13.244,25.574,28.778,4.46,20.12,34.52
11-28,7.7,8.06,6.8,14.36,22.46,5.72,20.48,19.04,23.72,32.72,27.14,8.6,10.58,30.2,20.12,4.1,11.84,6.8,10.94,21.2,21.38,17.78,30.92,26.78,26.42,33.62,10.22,18.68,17.06,25.52,15.98,17.24,34.16,3.92,18.14,6.8,10.904,22.586,30.704,3.92,18.23,34.16
11-29,8.96,18.5,-0.04,4.1,24.62,8.6,29.48,11.3,23.9,24.98,31.28,21.56,19.4,30.38,28.22,2.3,12.74,-2.92,12.92,27.32,21.74,9.32,26.42,31.46,26.24,28.76,12.02,14.18,17.78,21.02,18.32,13.1,33.26,0.86,20.12,2.84,12.668,25.106,30.11,-2.92,18.95,33.26
11-30,12.2,15.44,-7.24,10.76,,24.62,30.56,5.0,24.26,30.2,36.14,21.02,15.98,28.04,28.76,5.72,11.84,4.28,13.1,26.42,24.62,8.06,22.1,33.62,27.68,5.9,12.74,15.26,18.32,17.78,10.76,21.02,28.04,15.44,17.42,5.756,12.524,24.62,29.912,-7.24,17.78,36.14
12-01,12.92,8.96,-0.94,6.26,17.6,27.32,31.46,14.54,20.66,29.48,28.94,12.92,17.42,27.68,27.32,10.94,18.5,9.5,12.2,28.76,3.38,18.86,7.52,31.82,28.04,15.98,11.84,15.62,23.0,15.8,14.36,16.7,34.34,23.72,17.06,7.952,12.92,24.08,29.318,-0.94,17.06,34.34
12-02,18.68,5.9,9.5,10.76,17.42,21.74,18.5,6.62,8.96,29.84,19.76,22.64,22.82,27.68,27.68,14.72,21.2,4.1,14.36,21.74,-0.4,27.5,12.56,32.36,26.78,21.02,15.62,14.36,26.96,7.7,23.0,9.68,37.76,9.14,17.42,6.944,12.38,22.658,27.68,-0.4,18.59,37.76
12-03,25.7,9.86,13.82,-4.0,,22.28,15.44,6.08,13.64,32.54,14.36,23.54,20.84,27.5,28.22,17.24,11.12,9.5,26.42,13.64,-0.76,20.48,6.44,21.56,-1.3,24.08,22.64,15.98,26.24,9.14,23.54,21.2,34.34,9.5,19.58,6.152,12.632,23.0,27.284,-4.0,17.24,34.34
12-04,26.6,19.4,18.5,-2.56,18.68,15.26,18.5,3.92,17.96,18.32,12.56,21.2,14.72,26.78,13.82,19.22,4.82,18.5,31.1,3.92,8.42,13.1,1.04,27.14,-12.46,32.0,27.86,20.66,13.28,8.42,23.72,26.6,33.26,20.84,29.84,3.92,13.262,20.876,27.644,-12.46,18.5,33.26
12-05,21.92,13.46,22.82,9.68,4.28,19.58,12.92,13.28,10.22,6.98,15.62,19.76,12.74,24.8,26.78,17.06,8.06,21.56,25.88,12.56,4.46,19.4,-1.84,32.36,-16.96,31.28,21.02,6.08,12.74,5.18,21.92,25.34,19.76,19.4,33.08,4.676,12.326,21.074,25.718,-16.96,16.34,32.36
12-06,18.86,11.12,24.62,3.38,7.52,19.22,10.4,10.94,20.48,3.38,18.68,24.08,17.6,22.64,31.28,16.16,-4.18,20.84,20.84,22.82,-13.36,23.54,10.58,25.16,-14.8,32.54,21.92,0.86,14.36,3.02,24.26,23.9,18.5,16.88,34.52,1.508,10.904,21.992,24.512,-14.8,18.59,32.54
12-07,12.56,13.46,21.2,13.82,14.18,3.74,13.82,14.36,25.7,6.44,12.38,22.64,16.34,16.34,27.14,21.2,-9.04,26.24,14.72,28.76,-14.44,25.52,15.98,17.24,-4.9,28.4,28.94,-10.12,28.76,14.0,28.58,26.06,24.62,13.82,25.7,-2.308,13.82,24.71,28.526,-14.44,16.16,28.94
12-08,21.56,17.24,14.0,19.4,22.46,0.32,0.32,27.5,25.34,10.22,7.34,24.44,17.06,19.94,15.44,23.36,5.72,26.6,8.06,13.28,-9.4,26.06,16.88,8.42,-8.5,31.28,32.9,-0.94,25.7,19.04,25.34,29.84,25.7,8.42,15.62,0.32,10.04,24.53,27.23,-9.4,18.14,32.9
12-09,14.54,28.22,15.8,15.08,21.56,1.22,10.76,30.2,15.62,2.12,15.26,22.28,20.84,22.46,11.84,22.82,14.36,25.88,7.34,8.24,-11.38,25.16,14.0,0.86,-6.16,31.1,30.92,20.12,24.26,13.1,15.8,29.84,13.82,13.64,10.76,1.49,13.586,22.298,29.354,-11.38,15.44,31.1
12-10,1.04,33.8,7.7,23.36,,1.76,28.4,28.22,3.92,15.08,15.62,9.14,12.38,21.56,15.8,32.54,17.42,25.34,8.06,20.12,-7.24,21.38,18.68,12.92,3.02,29.66,24.44,23.0,25.88,21.92,18.5,18.86,8.78,20.48,17.24,3.2,12.704,22.352,28.364,-7.24,18.68,33.8
12-11,-2.74,24.26,10.94,21.92,26.24,7.16,28.76,17.24,11.12,19.94,13.46,1.76,5.36,17.78,16.7,34.16,23.72,24.08,3.92,16.52,6.26,16.7,16.7,20.84,8.96,34.16,20.12,11.84,27.68,18.14,21.56,14.9,14.54,23.54,21.92,5.63,13.298,21.596,27.248,-2.74,16.97,34.16
12-12,7.7,5.36,13.46,9.86,18.5,14.36,29.3,18.5,21.38,24.08,21.92,3.2,7.16,23.72,18.5,20.84,21.92,24.44,12.02,16.88,12.38,28.22,16.7,23.72,17.06,36.14,17.96,12.92,30.56,17.06,23.9,8.06,22.46,19.76,17.24,7.808,14.27,21.974,27.086,3.2,18.5,36.14
12-13,11.48,14.0,9.68,2.3,8.24,12.74,22.46,15.98,24.62,28.76,17.42,11.66,14.18,27.68,24.08,19.76,16.52,27.68,9.86,-0.04,21.02,31.46,18.32,23.54,18.5,30.38,23.9,9.86,23.9,14.0,19.94,12.02,27.14,13.82,18.5,9.734,13.712,23.576,27.68,-0.04,17.87,31.46
12-14,17.06,7.16,9.86,13.82,19.4,5.9,19.94,7.88,29.3,30.2,8.06,19.94,23.36,32.18,24.26,29.84,8.24,28.22,6.98,-11.92,14.36,28.58,19.4,25.7,20.3,21.74,19.4,9.14,20.84,21.74,12.74,15.98,28.58,13.46,21.2,7.376,13.388,21.902,29.084,-11.92,19.4,32.18
12-15,12.38,0.14,9.68,5.54,20.48,9.32,22.46,10.4,23.72,24.26,14.36,13.82,10.58,27.86,12.2,23.54,7.88,24.98,8.96,7.7,17.78,12.56,18.32,19.04,22.64,16.7,10.4,27.32,22.1,26.42,11.48,14.0,13.64,8.78,21.92,8.15,10.562,20.642,24.764,0.14,13.91,27.86
12-16,3.74,8.24,13.28,-2.56,11.84,14.9,18.5,1.76,22.64,27.5,23.18,8.96,11.66,25.7,14.72,17.6,5.54,3.2,17.6,7.7,24.44,3.2,18.32,14.36,24.44,20.12,8.96,2.48,18.86,28.58,7.7,19.4,12.92,7.34,27.5,3.2,8.186,18.536,24.44,-2.56,13.82,28.58
12-17,-3.1,6.8,15.08,4.82,9.5,24.62,6.26,-4.9,26.96,25.7,21.92,16.88,22.1,21.38,17.24,21.74,-7.78,-2.2,19.94,4.46,19.04,1.4,21.74,20.84,24.98,21.92,3.56,-9.76,12.02,30.02,12.02,23.54,6.8,8.42,21.92,-2.83,6.746,21.74,24.872,-9.76,15.98,30.02
12-18,-5.62,8.06,20.48,1.22,,24.8,-0.22,5.72,20.48,-2.02,22.1,11.12,16.34,9.14,16.88,24.62,-2.74,1.04,21.74,4.46,11.84,15.08,24.08,7.34,29.12,21.2,22.28,-2.92,20.84,26.96,22.82,18.86,11.12,13.64,27.14,-1.66,7.772,20.984,24.512,-5.62,15.08,29.12
12-19,5.72,-17.86,14.9,0.68,6.08,15.62,4.82,9.14,4.46,-20.56,12.74,12.92,18.32,9.68,25.88,26.78,18.14,14.54,23.9,4.46,19.94,22.1,20.3,-0.94,14.18,24.62,26.42,8.42,25.88,21.74,20.48,19.94,21.56,12.2,31.46,1.814,9.068,20.318,25.502,-20.56,14.72,26.78
12-20,15.26,-28.12,4.82,6.26,6.98,14.18,7.34,15.44,14.9,-17.86,17.78,4.82,22.46,12.74,27.32,17.06,28.76,15.44,24.08,-9.76,26.24,18.68,24.44,11.84,8.78,24.8,18.5,21.02,19.94,24.98,26.06,25.16,23.0,16.88,32.18,4.82,12.65,22.514,25.79,-28.12,16.97,28.76
12-21,5.18,-27.76,18.32,11.84,4.1,23.18,4.82,16.7,14.18,-17.68,17.24,12.2,20.48,14.9,24.08,9.5,33.44,19.22,9.86,-2.2,24.26,11.3,13.46,19.94,13.46,25.16,18.68,8.78,6.98,22.1,29.12,31.64,24.98,1.58,32.54,2.336,9.824,19.994,25.106,-27.76,14.54,33.44
12-22,15.98,-23.26,13.28,11.48,,18.86,-0.58,15.26,8.24,-13.36,23.18,22.82,13.82,12.74,16.52,3.38,32.9,17.96,5.18,16.7,20.3,23.0,6.08,21.2,16.88,18.86,15.8,7.52,11.66,11.48,32.18,21.02,24.44,-18.58,31.64,0.212,11.48,18.86,23.144,-23.26,15.8,32.9
12-23,23.18,-13.36,12.92,17.6,7.52,23.9,8.42,14.0,8.6,-10.66,22.28,21.02,9.68,2.66,17.42,-3.64,26.96,11.12,12.38,4.46,6.08,24.62,13.82,18.5,24.26,15.26,10.04,16.7,3.56,14.54,30.02,8.42,25.88,10.4,21.92,2.93,8.582,17.69,24.512,-13.36,13.37,30.02
12-24,17.78,-9.04,15.62,15.08,12.38,25.16,11.66,16.52,5.0,3.02,23.9,21.02,17.06,3.56,26.24,10.4,27.5,11.48,19.04,6.44,5.0,18.86,20.48,18.32,18.14,20.3,10.4,24.44,2.3,19.22,25.88,11.48,21.92,24.98,8.06,3.992,11.48,20.318,25.106,-9.04,17.42,27.5
12-25,19.04,-6.16,13.64,6.98,15.98,27.5,10.4,15.26,5.0,14.36,23.9,14.18,18.14,3.56,23.18,19.94,31.64,22.1,7.34,17.24,12.2,23.36,25.16,10.94,15.08,10.94,5.36,14.36,14.54,15.62,19.76,20.48,15.98,28.22,7.34,5.846,13.496,19.778,24.782,-6.16,15.44,31.64
12-26,24.26,-3.46,14.36,12.92,18.86,22.46,9.14,24.8,12.02,19.4,24.98,24.98,17.78,12.2,19.22,23.18,30.92,27.5,2.66,7.34,17.78,24.44,19.58,12.92,22.1,3.02,1.04,7.88,13.82,11.84,13.1,23.54,13.46,30.92,18.5,4.316,12.848,22.532,24.98,-3.46,17.78,30.92
12-27,21.38,4.82,15.98,17.42,17.6,24.44,3.56,22.64,9.86,17.42,26.96,26.24,16.16,24.8,9.68,26.24,25.88,27.86,0.86,4.1,17.6,17.06,21.92,13.28,26.78,6.62,11.84,11.3,19.4,5.9,10.04,15.62,7.7,31.64,15.8,5.144,11.174,21.992,26.618,0.86,17.24,31.64
12-28,15.08,-7.96,16.7,17.42,12.74,23.0,5.36,19.58,12.92,26.6,24.62,17.06,15.62,31.28,7.16,26.78,30.56,20.84,5.0,15.62,13.28,18.5,26.78,12.38,21.2,10.76,12.92,10.94,22.64,2.48,9.14,5.0,0.5,21.02,23.54,5.0,12.236,20.858,26.726,-7.96,15.62,31.28
12-29,10.4,-18.94,15.44,20.66,13.28,12.56,13.28,26.96,25.34,27.5,20.66,17.78,18.14,24.26,14.18,28.58,21.38,13.28,9.14,23.72,13.1,21.02,26.06,7.52,15.08,-4.36,11.48,15.08,26.24,10.58,0.86,10.04,4.46,15.26,23.72,5.378,12.452,20.696,26.186,-18.94,15.08,28.58
12-30,11.3,-11.56,9.5,12.02,18.86,-2.56,18.68,28.22,24.8,24.44,18.68,21.02,16.34,18.14,13.64,22.46,20.84,20.12,10.58,12.38,13.1,-0.58,28.76,7.34,20.12,-11.74,4.1,20.66,21.74,14.72,5.0,12.74,9.14,18.86,25.16,0.824,11.228,20.12,23.846,-11.74,15.53,28.76
12-31,16.16,7.7,8.24,8.96,16.34,-6.52,17.96,31.1,24.26,25.88,21.74,21.38,13.28,24.08,20.12,19.22,30.56,16.52,7.52,17.06,11.66,-7.78,14.54,6.62,22.82,9.68,3.02,10.22,13.1,-2.56,12.74,17.42,4.64,19.94,25.16,3.506,9.608,19.292,24.206,-7.78,15.35,31.1
01-01,20.3,13.82,9.86,19.22,17.96,0.86,8.24,32.36,30.2,18.32,18.86,19.58,4.46,17.96,20.66,16.16,23.9,16.52,5.18,20.66,18.68,-4.72,15.98,11.12,17.96,19.22,14.54,12.2,12.56,-1.12,20.48,13.28,-3.82,12.38,17.24,1.94,12.362,18.896,20.66,-4.72,16.34,32.36
01-02,11.12,13.82,14.72,10.4,17.06,0.68,4.46,28.76,28.4,9.68,11.84,20.48,12.74,23.54,12.38,14.9,24.26,23.72,22.64,20.3,22.82,4.46,28.58,7.88,19.4,18.5,15.08,-1.48,12.56,14.72,19.04,18.5,9.5,10.4,13.64,5.486,11.768,19.49,24.098,-1.48,14.81,28.76
01-03,-0.4,9.68,12.38,-2.02,19.94,-3.46,18.14,22.1,25.52,10.58,6.08,26.6,24.44,28.76,6.8,18.5,24.8,26.06,27.32,-2.02,17.96,8.06,26.06,14.9,19.76,12.74,20.12,0.68,20.84,18.86,21.92,22.1,20.3,12.2,16.34,-0.076,12.038,21.938,26.06,-3.46,18.68,28.76
01-04,6.26,6.26,19.4,1.22,25.34,2.48,2.84,6.26,23.18,15.98,15.62,28.76,17.78,28.76,2.3,11.3,20.12,15.98,28.22,-2.02,20.48,9.14,28.76,14.72,6.26,16.7,24.62,-5.08,22.1,26.42,21.56,23.72,14.36,13.64,19.58,2.354,8.852,21.614,27.68,-5.08,15.98,28.76
01-05,10.58,8.42,20.48,3.02,16.7,7.7,1.76,4.1,12.92,22.82,14.54,28.76,16.16,25.88,-11.92,9.32,19.58,5.9,20.84,4.82,22.28,15.08,31.82,13.46,-2.92,26.78,27.32,-10.48,27.68,27.86,14.36,21.56,11.12,21.2,15.08,2.138,9.23,21.236,27.572,-11.92,14.81,31.82
01-06,16.88,13.82,22.28,0.14,7.7,6.8,9.14,6.44,13.1,25.52,11.3,18.14,22.28,22.28,1.04,8.06,28.04,8.42,15.8,12.38,-0.58,21.92,18.86,22.82,10.4,32.36,26.6,-2.02,28.22,23.0,15.62,18.14,19.76,26.24,13.64,2.66,10.274,22.28,26.492,-2.02,16.34,32.36
01-07,21.02,15.98,16.88,0.14,8.42,17.24,21.2,5.9,16.16,22.28,14.72,11.48,31.28,25.16,20.3,9.68,29.84,10.94,9.68,23.72,1.58,25.7,14.72,17.78,14.72,31.82,24.08,8.42,24.26,16.16,24.08,21.92,26.6,19.94,8.78,8.42,14.72,22.424,26.33,0.14,17.51,31.82
01-08,23.36,13.46,11.84,6.44,13.82,21.92,25.34,15.44,10.04,17.24,15.8,22.1,30.74,23.54,23.18,19.58,20.48,22.82,11.48,24.08,14.0,19.58,19.04,20.84,21.2,27.14,18.5,23.72,26.96,12.74,22.1,14.18,17.6,20.66,4.64,12.11,15.764,22.172,24.962,6.44,20.03,30.74
01-09,26.6,10.94,14.0,-1.12,,27.86,25.16,18.32,3.92,19.22,15.08,26.24,21.02,6.98,26.96,19.04,15.62,26.78,18.5,18.5,21.2,2.48,21.92,28.04,20.84,16.88,15.08,26.42,31.28,29.3,14.54,11.12,12.92,24.44,12.74,7.772,15.08,24.728,27.68,-1.12,19.04,31.28
01-10,27.32,15.8,22.46,5.54,15.98,28.76,19.76,18.32,19.22,23.72,12.38,23.72,18.86,14.54,28.4,20.3,21.92,23.0,13.1,17.24,26.24,-0.94,19.4,26.06,18.68,26.06,12.92,18.32,22.64,27.32,5.54,10.94,20.84,23.72,9.68,11.372,17.114,23.072,26.996,-0.94,19.58,28.76
01-11,13.82,18.5,15.44,8.24,16.34,23.18,19.94,-10.84,11.3,28.22,23.18,20.48,22.64,19.76,23.54,16.52,25.34,-9.58,18.5,18.68,26.06,0.86,3.56,1.04,27.5,26.42,11.66,21.38,18.32,17.6,14.0,17.96,18.32,23.0,5.18,1.796,15.296,21.506,25.844,-10.84,18.41,28.22
01-12,22.28,23.18,4.64,-3.46,17.78,19.58,25.7,-16.06,16.34,24.08,12.02,24.44,25.16,25.16,19.22,10.22,16.52,-15.16,17.6,21.38,25.52,16.16,12.74,-5.8,18.5,19.76,15.62,11.48,26.06,20.3,13.82,23.0,25.52,22.82,0.32,-1.03,15.44,22.838,25.412,-16.06,18.86,26.06
01-13,26.96,21.92,7.16,3.38,21.74,21.2,26.96,9.5,22.1,18.14,17.06,17.06,17.06,28.76,22.46,11.3,23.9,-6.52,19.04,25.88,28.04,25.16,15.08,-9.94,23.0,15.44,23.36,4.46,25.88,25.16,11.3,23.72,25.88,29.3,-13.72,5.27,16.898,24.026,26.96,-9.94,21.83,29.3
01-14,23.36,18.32,4.46,22.1,24.62,26.6,23.72,13.1,19.4,22.46,29.48,12.38,10.94,29.84,22.1,10.94,33.08,-3.64,19.22,23.72,24.26,27.14,23.36,-6.52,24.62,20.12,18.86,7.52,24.44,21.74,13.46,14.36,23.0,28.04,4.1,8.546,17.924,23.774,27.77,-6.52,22.1,33.08
01-15,20.84,19.4,6.62,19.04,21.92,21.56,24.98,5.54,17.96,23.72,28.58,7.52,6.26,16.52,19.58,11.66,20.12,3.38,10.04,25.52,23.9,26.96,23.72,5.72,21.74,24.8,13.64,12.74,15.8,21.92,6.26,21.2,20.66,24.98,-12.1,6.26,13.55,21.92,24.98,3.38,19.85,28.58
01-16,16.7,14.36,9.86,19.04,,12.56,20.48,4.64,14.72,19.4,30.38,3.38,4.46,14.18,19.94,22.28,9.5,11.66,-5.08,27.32,27.14,29.3,2.84,12.92,22.64,24.44,15.8,14.72,15.98,26.24,20.3,21.02,21.74,19.04,4.1,4.496,13.676,20.696,26.96,-5.08,16.7,30.38
01-17,1.76,18.14,1.22,12.38,17.96,6.62,3.38,10.04,23.72,15.08,19.4,13.46,6.26,14.72,18.32,24.98,16.7,8.6,1.94,27.14,22.64,29.3,3.2,20.3,20.48,20.84,22.64,22.64,23.36,26.96,17.96,21.38,24.26,9.32,19.22,3.254,12.146,21.506,24.764,1.22,18.05,29.3
01-18,1.94,20.84,9.86,12.74,21.02,12.74,-6.52,22.46,23.0,23.72,24.44,18.68,4.46,20.12,19.04,28.94,17.6,3.92,8.06,28.76,22.28,21.2,15.62,22.64,20.84,28.76,24.44,27.68,31.82,23.36,14.0,16.52,24.44,12.2,17.06,5.54,15.458,23.036,28.436,-6.52,20.84,31.82
01-19,9.32,8.42,14.36,19.04,22.28,14.72,10.04,23.54,23.9,23.72,23.36,19.58,8.42,24.08,18.86,33.8,11.48,16.88,13.82,25.16,20.3,11.84,25.34,20.48,23.54,21.74,20.12,25.7,26.24,24.44,17.24,11.3,19.04,14.18,24.26,10.418,14.684,23.54,25.286,8.42,19.85,33.8
01-20,13.1,3.74,15.62,20.12,15.26,3.74,12.38,23.36,18.5,23.54,27.86,13.64,10.22,26.42,14.18,34.34,14.18,19.22,2.48,28.22,17.6,9.68,26.42,20.66,21.2,14.54,22.1,19.04,10.4,28.4,23.54,17.06,17.78,12.38,30.74,9.842,14.126,21.29,27.428,2.48,17.69,34.34
01-21,14.36,4.64,12.38,18.14,,6.8,13.64,17.78,13.82,19.04,23.36,17.96,20.66,25.52,13.64,30.2,14.18,12.56,-10.84,28.76,16.7,20.12,28.94,23.72,24.26,8.06,20.48,18.14,6.62,19.94,27.14,19.4,19.04,15.8,28.94,7.052,14.036,20.264,26.816,-10.84,18.14,30.2
01-22,16.16,7.7,8.78,17.06,,4.1,6.08,14.18,14.9,17.96,17.24,21.2,9.32,25.7,17.96,27.32,12.02,14.36,3.02,22.46,15.26,17.42,15.44,21.2,19.04,18.68,27.86,19.76,14.18,10.4,20.66,19.4,21.2,13.28,28.4,7.916,14.18,19.184,22.208,3.02,17.06,27.86
01-23,10.94,5.72,15.62,3.2,21.56,6.08,2.66,7.16,17.06,16.52,16.34,16.88,5.9,26.96,20.48,28.4,19.04,21.74,6.8,21.02,15.08,17.06,19.22,29.12,14.9,22.82,27.5,17.24,15.8,13.64,22.46,9.86,23.72,14.54,27.86,5.954,14.45,20.534,25.988,2.66,16.7,29.12
01-24,7.7,3.02,19.76,8.24,20.3,16.16,7.52,3.74,23.54,8.6,21.38,19.76,13.64,20.48,22.46,26.24,19.76,25.88,11.66,21.74,14.36,14.9,11.12,27.5,25.88,24.8,21.74,10.22,23.72,15.44,26.96,5.36,17.24,10.04,25.52,7.574,11.606,21.74,25.88,3.02,18.5,27.5
01-25,13.46,-4.0,24.44,19.04,20.12,25.7,1.76,11.84,20.3,11.66,23.9,19.22,21.74,26.6,14.0,25.52,23.72,23.72,14.54,2.48,16.34,22.46,23.36,27.68,23.9,30.92,16.16,6.62,22.64,16.16,24.08,6.98,14.36,13.82,22.64,6.728,14.324,23.72,25.646,-4.0,19.67,30.92
01-26,10.04,2.3,16.52,21.02,18.14,25.88,-1.12,18.14,25.16,23.9,21.92,12.38,23.18,30.38,9.14,23.54,21.56,19.58,20.3,-6.16,20.66,21.2,23.18,31.1,17.96,34.52,15.26,8.42,14.36,21.2,27.32,10.94,14.0,17.42,21.92,8.636,15.17,22.046,26.888,-6.16,19.94,34.52
01-27,3.38,7.16,20.3,15.44,10.22,22.28,7.88,3.74,25.34,9.14,11.12,12.56,18.14,30.02,15.08,25.88,19.4,7.34,24.44,-8.68,14.54,22.46,10.58,23.9,7.7,34.7,23.9,13.82,17.42,22.46,23.36,15.98,12.56,19.04,23.72,7.214,11.066,22.298,25.07,-8.68,15.71,34.7
01-28,10.4,-8.32,26.78,16.7,10.4,13.82,7.7,18.68,19.94,6.8,8.42,16.88,8.96,21.74,21.56,27.86,15.62,17.96,14.9,7.88,19.4,26.24,12.74,10.4,10.4,27.32,28.4,23.0,24.98,9.14,22.1,24.62,17.24,0.68,30.2,7.754,10.4,21.578,26.618,-8.32,16.79,28.4
01-29,11.84,-8.14,22.82,18.32,8.24,5.9,4.28,16.7,20.84,14.72,3.38,16.34,-0.4,23.36,24.26,24.44,15.44,12.92,5.36,12.92,18.5,26.6,21.74,7.7,20.3,20.12,24.44,21.74,30.2,12.56,19.76,27.68,16.7,-18.4,31.46,3.65,12.488,20.93,24.44,-18.4,16.7,30.2
01-30,15.44,3.56,21.38,17.78,,19.94,-9.04,20.84,23.36,16.34,8.78,12.92,,27.5,24.08,21.92,24.98,8.96,7.52,17.6,21.92,24.44,22.28,18.14,18.32,22.1,16.52,23.0,26.6,15.98,18.32,22.46,20.48,-7.06,29.84,7.646,16.394,22.046,24.404,-9.04,19.13,27.5
01-31,11.48,19.04,26.96,21.38,1.22,26.6,-10.48,24.26,15.62,20.84,10.76,11.12,6.8,33.62,9.68,19.4,20.12,6.98,9.68,16.16,16.52,-3.82,21.02,22.82,14.18,18.86,8.6,20.12,13.82,20.12,20.84,17.06,15.98,0.86,28.22,2.894,11.084,20.12,23.828,-10.48,16.34,33.62
02-01,13.28,25.34,24.08,24.44,5.72,30.38,-16.6,23.36,10.4,17.06,18.5,15.98,11.48,30.74,6.8,20.84,20.66,-4.18,12.56,10.04,18.68,-16.42,21.2,23.0,3.74,17.78,5.72,4.28,15.62,26.96,28.94,22.64,7.16,11.84,28.04,3.902,10.364,21.344,26.474,-16.6,16.52,30.74
02-02,9.14,26.06,20.3,18.32,5.9,18.32,-18.58,17.06,17.6,13.64,26.96,19.94,11.84,16.88,10.58,24.44,19.22,2.12,9.32,17.42,18.14,7.52,18.32,21.56,11.66,25.88,4.1,1.04,27.5,30.56,21.02,31.1,-1.48,17.42,31.28,2.714,11.552,19.976,26.69,-18.58,17.51,31.1
02-03,15.62,23.54,16.34,17.06,7.88,19.22,-7.6,9.86,25.34,16.34,18.14,18.14,11.48,11.48,15.62,29.84,19.4,15.8,15.08,21.74,23.72,24.44,10.58,20.3,7.34,26.24,6.44,20.48,28.4,26.78,2.66,19.94,6.26,23.9,28.22,6.71,14.72,20.606,25.97,-7.6,17.6,29.84
02-04,16.7,25.7,19.94,21.2,5.9,26.06,9.86,4.64,30.38,23.18,17.78,24.08,12.56,5.36,16.88,28.58,23.54,24.26,6.8,25.16,22.28,28.22,15.44,22.46,-14.44,22.1,12.38,26.96,30.02,22.28,-1.12,13.82,16.52,22.64,20.84,5.522,15.278,23.594,27.842,-14.44,21.65,30.38
02-05,11.12,27.68,18.14,21.56,8.6,25.34,23.72,1.04,26.78,17.96,26.78,21.38,17.42,5.9,17.78,18.68,17.6,32.36,8.6,26.78,20.84,19.4,17.42,26.24,-22.36,33.44,16.88,27.5,25.88,20.66,8.96,16.7,17.78,20.84,24.8,8.6,17.42,23.882,27.284,-22.36,19.04,33.44
02-06,14.72,22.46,16.52,20.48,14.72,29.3,25.52,2.12,24.26,23.36,27.86,14.36,20.12,-3.82,13.82,13.1,15.98,34.7,9.14,24.26,24.8,13.1,14.0,21.56,-10.66,38.12,21.56,27.5,23.18,7.7,16.88,17.6,17.42,22.28,28.22,8.132,14.684,23.198,27.752,-10.66,18.86,38.12
02-07,5.36,23.36,18.32,21.56,15.98,26.78,27.86,3.02,28.04,26.06,27.68,-0.58,25.16,10.4,17.06,12.92,18.5,32.0,13.64,23.54,20.12,12.74,16.7,16.7,11.84,33.62,23.36,22.1,26.06,-2.56,20.3,13.46,21.38,22.28,28.04,6.872,15.746,23.378,27.806,-2.56,20.21,33.62
02-08,5.0,23.9,22.46,18.32,3.38,21.38,30.38,5.72,25.16,18.68,31.28,-10.12,19.94,11.66,15.26,12.92,26.6,29.3,14.18,26.42,16.88,-3.82,18.68,19.22,15.26,31.46,29.3,24.08,29.66,6.62,20.12,11.48,22.1,16.16,21.92,5.216,15.152,23.918,29.552,-10.12,18.95,31.46
02-09,16.52,24.26,20.84,23.9,5.54,15.26,29.3,8.24,20.48,27.32,29.3,3.74,13.28,12.92,13.1,14.9,14.0,27.68,21.92,19.4,10.94,-0.4,22.82,15.44,20.48,32.36,32.9,34.16,19.04,10.22,7.88,14.9,27.5,10.76,16.34,7.988,13.262,22.928,29.3,-0.4,17.78,34.16
02-10,24.44,21.74,24.62,16.88,12.02,1.4,13.28,13.82,16.34,10.04,19.58,13.82,20.48,19.04,13.82,16.52,2.66,28.58,25.7,14.54,14.0,11.84,20.12,9.32,21.74,29.12,30.56,30.2,8.42,15.44,8.6,14.36,29.66,16.16,12.38,8.816,13.82,20.606,28.958,1.4,16.25,30.56
02-11,26.24,23.54,24.08,17.78,5.36,-12.1,13.82,16.34,17.06,1.22,22.1,12.92,20.12,17.6,4.64,23.0,15.08,30.38,21.2,12.2,17.96,18.32,21.56,5.54,20.12,27.5,32.36,17.06,12.38,7.7,12.02,5.18,18.5,22.1,17.96,5.234,12.866,21.236,25.592,-12.1,17.69,32.36
02-12,13.28,23.36,23.0,17.06,3.2,-12.46,23.72,16.16,19.4,13.1,23.9,14.36,11.48,17.42,16.88,28.04,24.26,23.0,25.7,10.58,23.72,26.24,24.8,14.72,24.62,31.28,34.16,14.72,9.68,15.8,14.9,-3.46,17.6,22.1,19.4,9.95,14.72,23.72,26.078,-12.46,17.51,34.16
02-13,-6.52,19.76,22.82,14.18,14.0,3.02,31.82,14.0,21.56,25.52,20.48,13.46,15.62,25.7,19.94,24.8,22.1,17.6,19.04,11.84,22.64,26.96,22.82,21.02,25.7,31.46,26.24,22.1,15.98,20.12,17.42,-2.56,23.36,23.54,17.42,12.326,17.276,22.874,26.078,-6.52,20.75,31.82
02-14,-9.58,24.62,22.46,9.14,17.42,9.14,28.58,17.24,21.92,22.28,27.14,6.62,12.74,28.58,18.14,17.06,11.66,15.62,9.68,14.36,22.64,31.28,18.86,17.42,21.38,33.8,25.88,25.7,21.02,25.34,18.14,2.48,26.6,11.3,16.34,9.14,15.494,22.838,28.148,-9.58,18.5,33.8
02-15,-7.6,28.94,21.02,-10.12,23.18,4.82,23.18,24.62,25.52,18.14,21.02,13.28,16.52,25.16,19.22,3.2,1.04,23.0,19.58,20.3,25.34,30.92,10.58,20.12,28.58,21.56,29.48,28.04,12.38,22.82,15.08,13.82,24.26,1.04,17.6,1.688,14.954,23.288,28.418,-10.12,20.66,30.92
02-16,5.0,28.76,19.04,-13.18,,15.26,26.96,25.52,23.9,18.68,17.78,21.02,23.54,23.0,20.66,3.92,-7.6,22.1,19.94,22.82,26.96,26.96,12.92,23.0,24.98,12.74,30.38,32.72,12.92,14.0,19.4,16.7,12.92,10.4,6.98,6.08,14.756,23.216,26.96,-13.18,19.94,32.72
02-17,7.88,14.72,12.02,-0.22,25.88,21.92,23.36,24.98,19.94,19.76,13.1,21.74,28.22,19.22,29.48,12.56,-17.86,23.36,14.18,23.54,21.74,13.1,19.04,18.14,22.46,17.42,34.34,27.68,19.94,8.24,10.58,11.12,15.62,17.6,10.04,8.942,14.072,21.974,27.14,-17.86,19.13,34.34
02-18,2.66,12.38,15.26,17.78,18.68,23.9,27.14,16.88,20.48,17.6,10.94,25.16,22.82,18.32,31.1,18.32,-4.0,25.7,19.94,23.36,14.54,18.5,21.38,10.4,21.74,27.68,30.02,31.28,10.94,5.0,4.64,9.5,23.18,14.9,19.76,6.35,14.864,22.856,27.518,-4.0,18.41,31.28
02-19,7.16,18.68,22.82,23.72,12.2,29.12,23.0,18.32,16.88,20.48,15.44,22.1,21.38,19.22,20.66,27.14,6.08,18.14,22.28,19.58,8.78,21.2,13.82,16.7,17.96,30.2,25.7,29.66,-5.62,0.86,0.32,17.06,25.52,13.82,27.14,6.404,16.574,22.118,26.708,-5.62,18.95,30.2
02-20,13.28,24.8,27.68,19.22,8.96,33.26,21.02,12.02,18.5,13.28,20.84,23.54,20.12,19.22,15.26,26.6,5.72,20.48,21.92,13.46,7.16,11.48,13.28,19.94,12.92,22.64,20.12,28.94,-7.06,2.84,9.32,17.78,23.72,23.36,27.68,7.7,13.28,21.11,26.06,-7.06,19.22,33.26
02-21,18.68,25.88,26.06,6.8,10.04,32.0,26.24,8.24,24.44,18.14,31.1,23.18,18.68,21.92,12.92,25.7,8.6,22.28,20.84,21.92,10.4,14.18,22.1,13.46,15.26,7.7,16.7,29.3,2.84,-0.22,19.4,16.16,1.76,16.7,23.0,7.07,13.406,22.118,26.186,-0.22,18.41,32.0
02-22,24.62,28.22,24.98,4.28,8.78,26.06,16.16,6.62,21.38,15.62,28.94,21.92,30.02,18.14,16.34,18.68,15.26,29.66,17.42,23.0,9.68,13.46,26.24,14.9,9.68,-4.0,18.32,19.04,5.0,2.84,20.12,24.08,-14.44,-9.94,23.9,3.272,13.082,22.028,27.626,-14.44,17.78,30.02
02-23,23.0,18.14,15.62,7.34,8.78,26.96,9.86,0.5,15.8,22.82,26.6,21.02,29.48,-2.92,20.84,16.16,20.12,22.1,19.04,30.56,17.42,9.86,13.82,17.78,18.68,15.62,14.9,11.48,6.26,8.78,22.1,16.88,-2.74,-1.48,23.0,2.228,11.318,20.192,25.52,-2.92,16.52,30.56
02-24,23.18,13.82,19.4,10.4,,33.44,15.8,8.6,19.22,28.76,27.5,19.04,16.16,-7.78,25.16,21.56,22.28,11.48,23.36,28.4,14.54,5.18,15.8,12.74,27.14,26.78,18.5,10.94,7.7,16.7,15.44,3.56,-1.12,10.22,26.24,5.684,12.236,21.848,27.428,-7.78,16.16,33.44
02-25,26.06,15.62,23.36,6.8,18.32,33.44,4.28,20.12,13.64,29.84,17.78,18.32,-6.7,5.54,26.24,23.72,23.18,17.78,21.56,28.04,25.52,5.54,18.32,13.64,13.64,15.62,26.24,6.98,10.22,24.98,12.92,6.44,-0.94,21.56,28.04,5.54,13.568,23.198,26.24,-6.7,18.05,33.44
02-26,23.54,13.64,25.34,3.02,26.42,28.04,-6.7,16.52,7.88,18.14,18.14,15.98,3.38,12.56,28.94,22.28,30.2,15.62,19.76,19.4,25.88,7.52,9.68,12.74,17.6,1.58,26.6,10.04,16.34,28.22,16.88,12.38,7.7,26.24,24.08,4.622,12.542,22.406,27.608,-6.7,16.7,30.2
02-27,13.28,17.6,27.86,7.7,25.88,16.7,-12.82,14.9,5.72,19.58,30.2,6.44,10.04,15.98,24.62,20.12,32.9,12.38,24.98,13.28,25.52,10.22,13.1,14.54,29.66,5.72,31.1,12.56,14.54,28.58,21.92,10.58,17.42,16.16,8.42,6.818,13.046,22.19,29.336,-12.82,16.07,32.9
02-28,17.24,24.08,29.12,17.96,20.84,2.66,-4.18,3.92,5.72,28.76,28.94,12.2,4.1,14.72,24.08,21.56,31.82,13.1,26.42,15.62,30.74,15.98,16.52,16.88,22.1,3.02,28.04,10.76,11.3,26.78,25.88,11.3,27.68,12.56,16.52,3.974,12.524,24.26,28.886,-4.18,17.06,31.82
02-29,,,28.94,,,,6.98,,,,24.98,,,,17.6,,,,28.22,,,,17.06,,,,23.0,,,,26.6,,,,26.24,3.974,12.524,24.26,28.886,-4.18,17.06,31.82
03-01,17.6,23.72,29.84,22.82,27.86,-0.4,13.64,8.78,14.9,23.9,25.34,18.14,1.76,7.52,15.98,24.26,20.84,8.24,26.24,28.76,28.94,24.26,10.94,26.24,0.68,6.08,22.82,13.64,17.06,11.84,14.36,23.36,31.82,12.2,25.34,6.512,13.496,23.936,28.49,-0.4,17.87,31.82
03-02,23.36,25.16,29.66,15.26,31.28,9.68,18.86,17.42,23.36,15.08,24.8,18.32,1.4,15.8,18.86,23.72,19.4,3.92,14.18,39.2,27.14,25.16,10.58,30.56,24.44,17.24,27.32,20.48,22.46,8.24,18.5,25.7,35.78,13.82,21.02,9.95,17.096,24.836,30.29,1.4,19.94,39.2
03-03,28.04,23.54,30.56,11.84,33.8,18.68,20.12,6.98,20.84,22.46,27.32,19.58,8.06,17.78,18.68,25.16,27.32,10.22,15.44,31.46,29.12,26.42,20.12,24.08,29.66,2.84,30.92,27.68,21.56,-1.48,25.88,23.9,39.92,12.92,8.96,8.708,18.68,27.32,30.812,-1.48,23.0,39.92
03-04,22.46,27.32,30.74,18.14,30.92,18.5,23.72,5.54,13.1,13.46,29.12,21.2,16.88,10.58,17.96,25.16,21.02,22.1,14.54,27.86,30.38,19.4,28.58,7.52,26.42,4.46,29.66,29.3,15.8,-1.3,25.7,27.5,31.1,13.1,10.22,8.438,16.772,27.338,30.164,-1.3,21.65,31.1
03-05,24.08,27.32,29.12,24.26,25.16,12.92,11.66,11.48,9.32,10.58,34.7,30.38,24.8,14.18,14.72,26.06,22.46,28.4,10.76,16.52,27.14,22.1,30.92,17.6,27.86,20.66,34.7,25.88,13.82,11.12,27.5,26.06,15.98,12.92,14.9,11.228,14.666,26.168,30.002,9.32,23.27,34.7
03-06,26.24,6.08,29.66,30.38,18.32,3.56,13.82,20.48,5.36,10.22,32.0,28.76,25.88,19.22,16.16,31.1,30.74,29.84,17.6,19.94,30.02,19.04,22.46,24.44,31.1,28.94,33.44,13.28,16.16,26.78,34.7,29.84,5.18,12.02,16.52,7.322,17.456,29.678,31.1,3.56,23.45,34.7
03-07,27.32,9.14,29.48,31.1,14.72,12.38,18.5,20.66,3.38,20.84,28.58,28.94,24.98,22.82,25.52,29.84,24.44,30.56,21.56,15.62,32.72,14.36,11.3,23.36,25.52,28.76,25.88,14.72,19.4,28.22,33.44,29.12,8.42,10.04,14.0,10.418,18.212,28.256,30.344,3.38,23.9,33.44
03-08,25.7,14.36,22.28,27.32,14.36,23.54,24.98,17.6,10.22,16.88,22.46,28.04,6.62,24.8,31.1,32.36,17.96,29.48,21.74,14.18,28.94,17.6,22.64,26.78,26.06,27.86,21.2,26.42,22.64,24.26,28.4,30.2,8.06,11.48,11.66,12.29,17.924,26.456,29.318,6.62,23.09,32.36
03-09,26.96,18.32,15.8,21.92,18.86,32.9,30.2,17.96,15.62,22.1,24.98,27.86,12.02,27.14,33.62,37.76,13.82,28.22,22.64,10.04,28.22,23.9,26.42,20.12,32.18,29.66,23.72,31.28,24.98,13.28,25.88,21.38,-9.76,13.82,23.18,13.442,18.806,27.212,31.91,-9.76,23.81,37.76
03-10,31.46,22.64,24.8,16.16,25.52,35.06,32.0,27.32,21.02,21.92,23.54,24.98,22.28,29.66,27.32,30.38,5.54,29.48,22.64,1.04,21.56,33.8,30.92,25.88,30.56,29.84,33.98,33.98,19.04,12.2,24.98,18.68,-2.74,21.74,29.3,13.388,21.902,29.678,33.26,-2.74,24.98,35.06
03-11,26.78,18.68,25.88,2.66,22.28,34.88,30.38,31.82,25.7,22.46,21.02,23.36,24.62,29.48,27.32,35.06,8.6,33.8,27.5,15.26,17.96,22.46,32.0,23.36,18.68,35.78,36.14,31.46,24.08,15.44,28.94,12.56,13.64,16.16,29.48,14.126,20.786,28.994,34.556,2.66,24.35,36.14
03-12,13.1,14.9,28.22,2.66,,26.78,26.96,25.88,27.14,18.32,18.5,24.26,27.68,32.9,30.56,24.8,7.88,39.92,25.7,13.82,25.52,22.64,31.28,24.44,21.74,33.44,33.08,28.58,24.62,20.12,15.98,16.7,26.42,16.16,27.5,14.036,19.472,27.032,32.576,2.66,24.8,39.92
03-13,11.12,16.7,28.94,17.42,31.46,24.98,23.72,4.64,28.22,27.32,23.0,26.96,17.24,39.2,25.16,14.36,9.32,38.12,23.0,23.54,27.68,27.68,33.62,35.42,24.44,31.82,30.02,32.36,26.78,18.32,15.8,22.82,25.7,26.24,24.8,14.792,22.982,27.734,33.242,4.64,25.43,39.2
03-14,16.7,19.04,30.2,22.46,33.98,29.66,23.36,1.76,31.64,37.22,24.44,17.78,11.48,36.14,25.16,14.18,19.04,29.84,21.74,25.88,28.58,29.84,32.54,39.74,26.6,37.94,23.9,37.04,33.08,17.6,22.82,29.84,25.16,30.2,20.3,16.97,22.784,30.2,36.77,1.76,26.24,39.74
03-15,15.62,19.4,30.92,23.36,38.12,31.82,22.28,11.3,32.0,38.12,15.8,15.08,8.42,35.24,26.6,19.4,19.04,26.42,18.14,24.98,30.92,29.12,36.14,37.4,25.52,43.7,15.98,41.54,27.86,19.04,26.78,31.46,28.58,23.36,24.08,15.674,19.4,30.974,37.904,8.42,26.51,43.7
03-16,21.92,18.5,28.94,20.84,38.66,23.72,20.66,29.48,31.28,24.98,23.0,17.06,10.04,30.02,29.84,24.98,21.74,34.7,14.9,30.38,36.68,28.58,34.88,29.84,32.72,38.84,15.08,33.98,21.56,21.2,23.0,25.7,22.46,9.86,30.2,15.674,21.722,29.858,34.826,9.86,24.98,38.84
03-17,25.88,19.76,27.86,27.68,23.9,27.14,18.86,26.24,23.9,19.94,22.1,20.12,7.34,26.6,32.36,21.02,24.26,40.64,17.78,28.04,36.32,19.94,37.58,18.5,26.96,36.32,12.38,34.88,22.28,24.98,27.32,24.08,19.04,9.86,31.46,17.996,20.102,27.158,35.888,7.34,24.17,40.64
03-18,25.52,20.84,20.48,29.48,,29.48,14.18,29.84,22.46,30.2,22.1,28.04,10.76,24.26,37.76,17.24,24.98,39.92,24.08,29.12,23.72,21.56,32.72,14.0,18.68,32.0,6.8,43.7,19.94,23.72,26.96,30.56,24.26,16.7,32.72,14.684,21.272,29.264,32.576,6.8,24.26,43.7
03-19,31.82,27.86,19.76,25.52,19.4,24.26,16.7,39.2,19.76,34.34,18.86,32.72,16.34,26.6,39.2,28.22,22.46,39.2,26.06,28.58,16.52,23.54,21.02,16.7,19.76,32.36,15.44,35.96,21.38,24.62,20.84,34.16,32.54,19.22,33.44,16.7,19.76,28.904,35.474,15.44,24.44,39.2
03-20,33.8,24.62,21.2,25.34,15.98,25.34,29.3,38.48,24.62,35.96,11.66,35.24,24.98,26.96,33.98,30.92,20.84,36.86,24.26,38.12,17.96,25.34,17.42,26.24,21.74,35.78,30.02,34.7,22.64,32.72,25.7,28.22,23.9,23.36,34.34,18.824,24.224,31.1,35.906,11.66,25.52,38.48
03-21,27.68,23.36,15.8,24.26,24.08,27.86,25.88,31.64,30.02,34.52,17.42,35.6,29.84,27.14,37.76,27.68,22.64,33.08,18.86,41.18,30.38,30.2,29.84,19.22,12.2,34.7,32.9,37.04,27.68,33.26,26.96,20.66,16.7,21.02,31.28,17.852,24.008,30.506,35.33,12.2,27.68,41.18
03-22,21.74,22.46,19.58,30.2,20.84,17.42,30.38,31.82,33.62,32.9,30.92,33.62,32.36,32.72,38.12,28.22,24.44,33.08,11.3,37.76,25.88,24.08,33.62,7.34,15.26,31.64,28.58,36.86,34.52,32.9,26.6,21.2,24.62,19.04,31.64,17.906,23.918,32.738,34.25,7.34,29.39,38.12
03-23,0.68,22.82,23.54,35.96,12.74,22.46,8.6,28.94,34.52,32.54,27.68,33.98,30.02,26.78,40.46,24.62,24.44,31.82,20.48,22.1,23.18,21.74,38.12,3.92,20.66,30.02,24.98,31.82,31.28,31.46,29.84,16.7,31.64,21.74,32.72,13.928,22.424,31.298,34.358,0.68,25.88,40.46
03-24,5.36,21.74,22.46,37.22,14.54,18.68,-4.36,16.88,33.62,33.26,19.22,32.36,25.52,18.86,39.02,17.78,29.84,32.72,28.04,25.34,23.9,26.78,36.68,4.1,23.54,24.26,24.08,31.64,26.78,30.38,27.14,15.98,37.04,21.74,21.74,14.972,21.488,29.894,35.762,-4.36,24.8,39.02
03-25,12.56,22.82,28.76,32.36,17.42,14.72,4.64,25.7,32.36,38.48,30.74,34.7,25.16,25.52,33.98,24.62,36.32,37.4,24.44,15.98,27.68,24.98,40.1,13.28,35.96,24.98,19.58,31.28,21.74,27.68,21.92,23.18,35.78,15.98,17.24,15.098,22.73,31.388,36.212,4.64,25.34,40.1
03-26,23.72,18.86,27.68,34.88,14.54,9.68,14.18,32.54,31.46,32.18,33.62,30.56,27.68,26.24,28.76,19.76,24.8,37.22,20.84,12.2,27.32,21.74,34.34,22.64,30.74,32.9,19.22,30.2,18.68,34.88,18.14,22.46,40.1,12.2,19.58,14.288,20.732,30.812,34.718,9.68,26.78,40.1
03-27,22.1,17.06,28.58,32.72,17.42,9.86,17.78,22.64,24.44,17.78,36.32,22.46,26.78,19.58,24.62,28.4,26.24,36.14,13.28,12.56,25.52,21.56,29.12,26.06,24.44,41.54,27.5,30.92,22.82,36.68,16.16,27.86,41.54,11.84,24.8,14.144,21.362,27.914,36.266,9.86,24.53,41.54
03-28,20.48,19.22,27.32,28.76,21.38,8.96,22.46,17.24,22.1,14.18,30.2,28.94,23.54,15.26,26.42,32.0,34.88,23.72,15.8,24.44,26.42,20.66,31.28,31.1,25.52,38.3,28.58,29.66,25.16,28.76,24.26,35.42,43.88,17.6,26.78,16.232,22.028,28.778,34.016,8.96,25.34,43.88
03-29,22.82,19.4,30.56,27.14,19.58,9.86,19.22,16.52,18.5,28.04,20.84,30.74,26.78,24.62,32.9,23.72,33.44,19.04,14.0,24.08,28.94,22.46,28.94,32.36,30.38,33.98,27.86,31.46,24.62,22.46,27.32,18.5,29.12,27.5,23.18,18.5,22.298,28.94,32.09,9.86,25.7,33.98
03-30,27.14,24.26,31.46,24.62,26.78,21.74,19.76,27.5,21.74,26.24,21.02,23.18,29.84,34.7,37.4,19.4,29.12,26.24,13.28,18.14,23.9,28.04,34.34,31.28,26.06,38.66,28.94,33.8,29.84,23.72,28.58,14.18,32.0,26.78,24.8,19.508,23.882,29.192,34.178,13.28,26.78,38.66
03-31,33.26,29.12,28.4,23.72,31.1,27.86,27.32,29.12,27.68,19.58,22.46,24.98,35.6,39.56,41.54,17.96,29.84,32.18,13.82,21.92,23.0,34.52,39.02,34.34,19.58,41.72,25.52,31.28,27.32,28.58,27.68,18.5,27.68,23.18,24.8,19.58,24.854,31.118,37.994,13.82,27.77,41.72
04-01,35.06,32.9,32.36,30.02,29.12,30.02,37.04,13.28,30.56,14.18,25.34,30.02,28.76,35.06,38.3,28.76,29.48,30.92,15.08,22.82,17.42,36.32,32.54,32.72,24.08,23.72,28.94,33.62,25.52,26.42,17.06,32.72,23.36,23.0,22.64,17.168,25.214,32.378,35.06,13.28,29.3,38.3
04-02,35.06,33.08,36.86,30.02,31.82,26.78,28.04,16.34,30.74,14.18,18.68,26.6,13.1,33.44,27.68,36.14,26.06,22.1,16.7,24.8,16.7,34.52,26.06,34.88,22.82,17.06,35.96,31.46,18.68,28.04,11.12,39.92,27.68,14.54,31.64,15.08,21.758,31.496,35.69,11.12,27.23,39.92
04-03,37.58,30.56,39.38,30.02,30.02,30.74,22.82,26.96,33.44,16.7,25.16,23.54,22.82,19.94,35.06,35.06,34.16,22.46,17.96,24.44,20.3,16.52,30.2,37.04,20.12,24.08,37.94,19.94,16.34,33.44,16.88,42.26,28.22,14.72,37.4,16.754,22.244,31.01,37.418,14.72,26.06,42.26
04-04,31.82,36.32,36.68,31.82,15.26,36.5,20.12,16.52,32.0,19.4,41.54,28.04,30.02,16.16,38.12,32.0,35.96,32.72,26.24,15.26,18.32,20.84,36.32,39.56,25.34,27.86,36.14,22.28,26.78,34.88,24.62,42.44,28.04,14.54,39.02,16.268,24.386,34.988,37.688,14.54,29.03,42.44
04-05,21.02,40.64,25.34,24.62,14.18,33.44,25.88,8.96,27.68,23.0,36.14,30.56,37.76,19.22,38.12,29.12,39.56,33.8,21.74,15.08,21.02,26.6,33.26,34.16,28.4,26.96,26.24,30.02,32.9,34.34,30.92,33.98,17.24,13.46,38.12,15.728,24.458,33.278,37.274,8.96,28.04,40.64
04-06,25.7,34.7,18.86,20.66,25.52,32.36,35.6,13.1,26.78,27.14,25.7,31.82,39.02,19.4,37.4,35.24,35.96,27.5,20.48,26.24,22.1,22.46,24.08,32.72,26.96,27.86,35.42,37.58,22.82,31.82,32.0,30.38,18.5,20.12,23.54,19.616,23.954,32.036,35.852,13.1,27.05,39.02
04-07,29.48,22.46,20.84,21.2,20.66,31.1,37.4,17.24,26.42,32.0,21.2,30.38,32.72,20.84,38.66,39.92,37.04,26.78,23.54,30.74,20.3,25.88,22.82,30.02,30.92,26.78,38.48,38.3,31.1,33.26,34.7,32.36,27.68,28.4,24.44,20.84,25.646,32.036,38.03,17.24,29.75,39.92
04-08,34.34,14.9,27.5,30.92,19.04,25.16,40.46,19.04,25.88,28.58,31.46,22.1,32.9,32.0,36.32,34.88,36.14,35.78,21.38,37.94,30.02,26.06,32.36,16.52,39.56,28.4,39.92,31.46,27.86,35.24,35.6,26.78,38.84,30.74,25.52,19.742,27.428,34.916,38.57,14.9,31.19,40.46
04-09,30.56,18.32,29.84,26.06,23.54,14.18,42.8,15.8,28.04,26.96,33.8,19.94,33.62,39.02,26.06,27.14,33.44,30.74,24.26,29.84,23.18,28.04,36.32,14.72,39.02,27.32,43.16,23.54,28.76,33.62,34.88,22.46,29.12,35.96,29.48,18.806,25.88,33.458,38.21,14.18,28.4,43.16
04-10,28.04,18.14,30.02,23.72,24.44,15.26,42.62,6.08,29.66,19.22,33.8,19.4,32.72,40.82,25.34,26.78,32.72,21.02,22.64,36.68,23.9,26.24,41.54,24.08,34.52,32.0,36.32,24.62,34.88,24.44,36.86,30.2,16.34,38.84,29.3,18.464,24.062,32.828,38.246,6.08,27.41,42.62
04-11,32.54,19.58,31.1,21.56,28.76,21.74,31.46,5.72,33.08,21.74,37.58,21.38,30.02,41.54,32.18,27.32,32.9,21.56,21.56,36.14,37.22,32.54,45.14,31.28,38.48,36.14,38.48,31.28,33.08,21.74,22.64,18.5,17.6,43.52,35.96,20.12,21.74,33.08,38.48,5.72,31.28,45.14
04-12,27.86,15.8,41.72,18.68,32.54,33.98,24.98,11.12,29.12,30.74,42.26,22.1,35.78,42.08,38.3,36.5,36.5,22.46,29.66,39.38,43.52,31.46,32.0,28.58,30.02,26.06,42.44,35.78,27.32,22.46,5.0,14.9,9.5,40.28,40.46,15.17,25.952,35.852,41.972,5.0,30.38,43.52
04-13,28.94,15.8,42.26,18.32,30.56,39.38,21.38,20.3,22.64,32.0,41.9,21.38,41.54,44.42,40.64,40.82,35.42,26.96,36.32,33.62,27.5,32.9,30.2,25.7,16.7,35.06,37.22,42.08,21.2,25.7,5.0,15.62,7.7,24.8,42.98,16.07,22.514,35.51,41.792,5.0,29.57,44.42
04-14,32.36,23.18,36.68,23.36,,22.82,24.26,27.32,24.8,18.86,31.64,19.76,36.5,39.38,37.58,23.9,36.32,36.14,44.24,30.02,29.84,25.16,29.3,15.98,23.36,39.92,31.46,29.3,28.04,30.74,19.22,19.04,16.52,19.4,43.88,19.076,23.36,31.532,37.4,15.98,28.04,44.24
04-15,39.92,23.36,34.7,26.06,33.08,19.22,31.46,28.22,24.26,16.7,33.26,22.46,30.92,34.52,31.82,29.48,37.94,37.04,27.86,30.74,31.46,25.52,25.7,14.36,28.4,26.06,26.78,26.06,33.08,29.3,21.74,21.56,18.32,22.1,38.48,19.922,25.394,31.46,34.646,14.36,28.04,39.92
04-16,27.5,22.46,35.78,30.92,40.28,24.08,34.34,33.98,25.7,29.12,34.7,29.66,23.9,30.02,31.46,35.6,38.12,37.76,20.84,36.5,39.56,33.26,30.2,10.94,26.06,30.74,26.96,33.26,35.78,31.28,14.9,22.82,24.62,32.36,33.26,22.568,26.87,34.016,37.382,10.94,30.83,40.28
04-17,36.14,25.52,29.12,29.66,42.98,25.88,26.78,37.4,23.18,35.96,35.42,42.44,26.42,30.56,32.72,41.0,27.68,37.58,29.12,39.92,39.92,33.98,33.44,10.22,34.34,36.5,29.12,33.08,24.98,30.56,24.8,28.04,21.2,37.76,19.76,24.854,28.004,35.978,39.92,10.22,31.64,42.98
04-18,37.22,25.16,24.98,26.06,42.62,24.08,24.26,34.7,25.34,39.74,33.44,44.06,22.46,31.64,30.92,32.36,23.54,33.62,32.72,35.78,41.18,29.66,32.9,22.1,34.16,34.7,32.0,36.14,27.14,35.96,30.74,31.82,34.16,26.96,16.34,24.134,27.122,34.214,38.984,22.1,32.18,44.06
04-19,40.46,25.7,25.52,25.16,42.26,28.04,21.38,33.44,30.2,39.74,36.32,32.72,17.06,30.74,31.46,29.12,25.88,25.7,38.12,36.32,42.8,18.32,31.82,29.48,35.96,29.3,38.84,33.8,33.08,44.06,33.44,17.24,31.1,19.04,20.84,19.742,27.824,34.016,40.244,17.06,31.28,44.06
04-20,41.0,28.76,29.66,23.36,42.08,26.6,22.46,29.48,31.82,34.7,37.76,26.06,16.88,34.34,28.94,31.28,34.88,28.22,23.18,42.8,46.76,22.82,41.18,30.56,40.28,33.8,42.44,34.16,35.96,40.64,36.14,19.04,25.88,20.66,26.78,22.568,28.058,35.978,41.81,16.88,31.55,46.76
04-21,40.28,29.3,33.62,32.36,44.42,24.26,21.2,24.08,34.52,27.86,40.46,27.14,25.52,38.66,28.04,28.76,39.92,30.38,15.8,43.88,45.32,29.84,44.06,25.88,38.66,37.58,43.52,29.66,38.48,34.52,38.48,25.16,32.36,21.2,35.6,24.134,28.022,38.498,43.772,15.8,32.36,45.32
04-22,34.7,31.64,31.1,32.0,41.72,24.08,26.06,24.26,40.1,27.5,39.92,26.6,34.52,38.3,28.22,34.52,45.5,35.42,25.16,44.78,43.88,19.76,45.86,12.56,41.0,39.56,45.32,32.36,41.54,37.4,37.04,29.84,31.64,23.36,33.44,24.134,29.678,39.596,44.51,12.56,34.52,45.86
04-23,33.26,31.46,20.48,28.94,39.74,23.72,33.44,29.84,43.7,28.22,33.62,32.0,26.42,35.96,35.96,39.02,28.76,34.88,31.82,36.5,35.96,22.82,48.02,15.08,27.68,35.78,38.84,33.62,27.68,40.46,33.98,31.28,26.42,28.22,35.6,24.53,28.706,35.798,39.524,15.08,32.63,48.02
04-24,33.26,32.18,23.36,26.78,,26.96,27.32,30.56,35.78,35.24,29.66,37.94,20.66,37.4,33.26,38.3,25.52,36.5,25.16,22.1,34.7,26.24,43.34,27.14,30.02,36.14,36.32,32.36,30.2,36.32,32.54,33.44,27.68,32.54,41.72,25.232,27.536,34.916,37.22,20.66,32.36,43.34
04-25,32.54,28.58,32.0,29.12,26.42,24.08,27.86,29.3,29.48,41.18,30.74,41.18,27.68,39.38,34.7,36.5,31.46,40.1,22.64,26.06,26.6,26.96,42.08,35.6,36.14,32.36,34.34,31.46,34.7,36.68,35.96,32.72,31.28,35.24,37.22,26.474,29.282,35.276,39.884,22.64,32.18,42.08
04-26,23.36,21.02,42.26,29.48,15.62,21.02,29.66,,28.94,39.92,34.34,43.7,32.18,27.32,43.16,35.96,39.56,36.68,21.02,27.68,27.5,24.8,43.34,38.66,35.78,31.28,30.74,30.38,38.12,35.06,41.9,31.28,35.96,37.94,35.24,21.488,29.264,37.184,42.188,15.62,32.18,43.7
04-27,22.28,19.4,45.14,23.72,15.62,28.58,19.22,36.14,33.8,37.58,40.28,44.06,29.84,28.04,45.68,25.34,35.96,42.26,31.28,28.4,37.4,26.78,28.22,42.44,29.3,33.8,30.74,28.94,43.52,33.62,37.94,30.92,36.14,29.3,34.88,22.712,28.562,36.266,43.196,15.62,31.1,45.68
04-28,21.92,22.28,41.72,31.28,17.06,23.54,20.84,28.94,39.2,36.86,45.86,43.7,33.98,30.38,30.38,20.3,36.68,49.46,40.64,34.34,24.62,32.54,26.24,39.02,25.52,40.46,27.86,28.04,46.94,18.68,39.2,36.14,33.26,35.6,35.42,21.164,27.698,37.076,43.106,17.06,32.9,49.46
04-29,15.08,21.38,47.48,30.92,21.92,23.54,26.42,26.96,41.9,35.24,30.92,36.32,37.58,33.62,29.48,17.42,41.0,51.08,41.54,26.6,22.28,20.84,31.1,32.36,27.68,45.68,32.18,28.94,36.86,18.32,45.5,42.98,28.94,41.54,32.72,21.002,26.924,36.932,44.744,15.08,31.01,51.08
04-30,19.04,21.38,43.52,30.2,30.74,19.4,27.86,26.42,42.62,38.84,35.24,37.04,31.1,33.44,33.26,21.92,39.38,46.04,27.68,22.82,24.98,23.72,35.06,23.9,33.62,39.38,32.18,33.26,33.08,20.84,41.0,50.36,31.64,44.42,25.7,21.542,27.554,35.42,43.25,19.04,32.63,50.36
05-01,24.26,21.92,35.06,30.38,30.74,25.52,28.58,24.62,40.28,36.5,45.14,25.34,27.32,31.28,38.66,26.06,39.02,46.04,25.88,24.08,30.56,24.08,30.74,21.92,38.84,42.44,36.32,33.26,33.62,22.82,37.94,43.52,32.9,46.22,24.08,24.08,26.042,36.644,43.196,21.92,31.01,46.22
05-02,28.04,21.74,35.78,35.42,32.0,31.82,26.42,22.64,43.16,34.7,45.14,23.18,33.98,32.9,45.32,29.3,32.54,45.5,29.66,33.44,30.92,30.74,30.02,29.66,44.78,44.06,39.2,34.52,35.6,26.42,39.02,33.98,36.5,45.68,26.42,26.42,30.668,35.852,45.032,21.74,33.71,45.68
05-03,32.18,23.0,40.1,38.12,35.24,31.46,20.84,33.08,43.88,32.0,46.58,28.4,31.1,34.7,43.16,33.26,31.1,33.98,34.7,37.4,25.34,33.08,36.86,34.7,46.58,41.0,44.24,38.12,37.94,30.92,37.4,32.54,34.52,46.76,25.16,29.156,32.504,37.958,44.132,20.84,34.7,46.76
05-04,34.7,21.92,42.08,32.0,34.52,34.7,19.76,37.04,40.64,26.96,43.52,36.32,33.08,35.42,47.3,38.66,33.8,30.74,37.22,34.34,18.32,28.76,38.48,34.7,39.38,40.28,46.4,44.6,40.64,39.02,33.44,32.9,38.84,44.96,34.88,27.5,33.764,39.056,44.276,18.32,35.87,47.3
05-05,42.98,30.74,45.32,38.3,38.84,35.6,23.54,39.2,40.46,19.76,36.68,38.3,32.0,30.2,51.44,41.0,37.4,31.1,41.54,40.1,19.22,37.76,29.84,38.66,39.2,42.8,47.66,48.38,42.44,37.94,37.76,34.88,42.44,35.24,37.58,29.948,35.564,40.514,44.618,19.22,38.3,51.44
05-06,44.78,35.06,47.84,36.86,38.12,33.26,27.86,36.5,40.46,31.28,33.26,30.02,32.0,28.94,49.1,40.82,40.64,35.06,41.18,32.9,17.42,37.04,28.94,41.0,33.44,37.76,42.44,50.0,45.5,39.56,38.3,42.8,41.0,33.44,30.56,29.264,33.422,40.838,45.284,17.42,37.4,50.0
05-07,25.52,34.88,47.3,30.56,44.42,34.7,31.1,29.12,40.28,39.56,32.72,37.58,29.12,33.8,48.56,37.4,37.22,39.92,35.96,29.84,19.22,36.32,33.8,44.06,27.68,30.2,40.28,46.04,43.88,35.42,28.94,46.4,32.36,33.26,28.04,28.994,32.234,39.596,45.554,19.22,35.15,48.56
05-08,22.46,39.38,41.54,25.52,44.6,32.9,34.88,31.46,37.4,33.44,32.9,44.96,17.78,31.1,45.86,38.3,34.7,44.24,35.24,32.0,26.06,36.32,41.54,42.8,31.82,32.18,45.68,42.26,44.6,31.82,31.46,27.14,28.94,36.68,29.3,26.384,31.82,39.596,44.6,17.78,34.79,45.86
05-09,26.78,32.36,31.46,30.74,44.78,35.96,32.9,39.38,37.04,28.58,32.9,41.54,24.44,30.92,40.46,37.58,25.88,44.24,29.66,32.72,35.24,35.78,46.94,39.38,33.08,30.92,38.12,38.66,47.66,29.66,33.98,28.04,23.54,37.76,34.88,27.158,30.92,37.796,43.43,23.54,33.53,47.66
05-10,33.8,32.9,33.98,40.64,45.14,38.12,35.24,41.36,37.4,24.98,33.44,38.66,29.66,31.1,42.26,36.14,32.0,45.86,32.36,34.16,34.34,32.18,37.4,41.9,29.48,27.86,26.24,42.44,44.42,33.08,34.52,30.92,25.52,38.3,40.1,28.346,32.342,38.138,42.386,24.98,34.25,45.86
05-11,29.48,34.34,33.8,47.3,46.58,35.78,40.28,36.14,35.78,28.76,24.98,44.24,31.1,30.92,31.28,32.36,40.82,48.38,37.58,39.74,33.62,36.32,34.7,44.24,26.42,33.26,31.46,45.86,37.76,39.02,32.54,32.36,32.36,38.12,42.98,29.912,32.36,38.21,45.374,24.98,35.24,48.38
05-12,30.56,29.84,29.66,45.68,44.78,,41.18,42.8,38.3,34.52,27.68,49.28,35.6,35.6,24.44,29.48,44.24,52.52,30.74,26.06,32.9,40.64,38.66,49.1,26.24,38.12,41.36,48.56,36.32,43.88,38.48,36.5,32.9,38.84,45.68,28.04,32.9,41.252,47.984,24.44,38.12,52.52
05-13,30.56,35.78,36.32,46.22,39.02,22.28,44.96,41.54,35.06,31.46,31.1,51.62,41.0,37.76,26.06,36.68,44.06,50.54,35.06,29.48,32.18,44.6,43.16,53.24,30.56,41.0,38.66,37.76,40.1,45.5,34.34,41.54,31.82,40.28,43.34,30.56,34.988,41.54,46.004,22.28,38.21,53.24
05-14,31.1,36.32,42.08,42.62,38.84,35.24,38.12,41.9,31.82,29.3,37.58,48.2,38.84,43.7,28.94,42.44,46.22,40.64,36.68,33.08,39.02,33.8,47.48,51.08,36.86,39.92,36.14,34.7,38.84,44.24,34.88,41.54,33.8,42.26,37.76,32.198,36.05,41.918,45.626,28.94,38.84,51.08
05-15,26.6,35.78,36.86,41.54,39.02,43.16,37.04,44.96,34.7,28.04,40.82,35.78,36.86,43.88,35.78,42.44,48.56,40.64,39.38,36.32,43.7,39.38,50.0,45.32,43.7,39.02,35.24,40.64,44.24,41.72,34.52,40.46,41.36,44.78,40.82,34.862,36.86,42.512,44.906,26.6,40.55,50.0
05-16,26.78,40.46,37.04,39.02,39.38,39.56,35.6,43.34,36.86,31.64,39.38,36.14,34.34,42.44,34.88,41.0,50.9,45.86,46.22,38.48,44.96,35.78,49.1,41.18,41.9,36.32,36.14,36.68,42.98,42.62,39.02,43.88,42.62,44.42,44.78,35.096,36.842,42.62,45.59,26.78,39.47,50.9
05-17,35.42,39.38,44.24,39.02,32.54,37.4,35.42,39.2,33.44,35.24,35.78,39.92,39.92,41.54,38.84,35.06,50.0,46.76,48.56,46.22,48.02,35.6,43.16,38.48,42.62,34.7,42.08,28.94,42.98,35.24,46.04,45.5,45.14,42.8,41.36,34.808,35.762,42.998,46.598,28.94,39.65,50.0
05-18,35.96,35.96,47.66,41.72,36.68,36.86,31.46,33.62,35.24,41.36,40.28,40.46,44.24,27.5,36.68,37.58,51.26,46.22,52.16,51.98,49.46,34.7,36.5,38.66,43.16,36.5,43.34,31.64,40.28,32.9,49.28,47.48,42.8,41.9,38.12,33.116,36.5,43.178,49.406,27.5,40.28,52.16
05-19,33.44,40.64,49.46,42.62,40.64,36.5,28.76,37.58,41.72,42.62,41.0,43.88,48.74,26.06,37.76,43.88,46.76,47.84,49.46,51.98,42.08,35.42,38.3,36.86,37.04,36.5,41.18,33.98,39.02,31.46,50.0,41.72,30.74,45.68,33.62,32.054,37.022,42.746,49.244,26.06,40.82,51.98
05-20,33.98,43.52,44.06,43.52,32.54,39.74,30.56,42.98,45.32,43.34,44.24,29.66,48.56,35.24,39.02,44.78,48.38,45.68,50.18,38.84,37.58,34.16,42.08,36.86,40.1,37.4,41.72,38.3,44.78,31.82,37.94,39.56,26.24,48.74,31.28,32.036,37.562,43.574,47.57,26.24,39.92,50.18
05-21,37.58,45.32,36.32,37.04,36.14,37.58,37.4,39.38,40.64,43.88,46.94,34.7,39.92,39.92,36.5,42.44,47.84,36.86,34.88,41.54,33.8,37.04,48.56,41.0,45.5,39.92,37.22,39.2,43.88,31.82,33.44,30.74,27.68,47.84,33.98,33.548,36.824,41.054,46.508,27.68,38.39,48.56
05-22,39.38,42.08,39.38,34.7,42.44,27.86,36.86,42.26,32.54,43.88,48.38,42.8,30.74,46.58,35.6,48.02,47.12,28.04,34.7,44.6,31.46,42.44,37.4,41.0,48.38,40.1,33.08,38.3,46.4,31.82,35.6,39.38,30.74,48.38,33.98,30.956,35.51,42.476,47.75,27.86,39.38,48.38
05-23,40.1,39.38,43.16,32.72,42.98,29.66,30.02,39.2,36.14,46.22,46.76,47.48,30.2,48.2,33.08,45.32,41.18,30.92,38.84,46.58,33.8,43.16,32.36,42.26,49.82,39.38,33.44,46.04,39.2,33.62,32.0,33.98,33.44,46.22,28.22,31.244,33.602,43.16,46.706,29.66,39.29,49.82
05-24,34.88,42.8,43.52,35.6,42.08,30.2,31.64,35.96,38.66,48.2,41.36,49.46,36.86,50.72,30.92,36.68,45.14,33.08,35.78,47.84,37.94,37.4,31.28,38.84,46.58,39.38,37.58,45.32,42.44,35.96,34.88,34.7,36.86,43.52,34.16,32.072,35.942,42.476,47.462,30.2,37.76,50.72
05-25,27.86,41.36,42.8,41.36,44.24,32.18,33.08,32.72,44.78,47.12,42.8,47.84,39.2,50.54,34.7,35.06,51.62,34.88,38.66,42.8,36.14,39.74,29.3,43.88,46.94,42.08,36.5,33.8,47.3,39.74,42.26,39.56,41.9,42.62,37.04,32.828,36.464,42.8,47.246,27.86,41.36,51.62
05-26,35.96,33.8,40.1,47.66,46.58,31.1,34.16,35.6,46.58,42.98,37.94,46.22,37.4,48.2,35.42,37.58,48.02,43.34,35.06,42.8,43.34,32.54,32.9,43.52,50.0,38.84,39.74,34.52,48.92,39.92,44.42,35.96,47.66,42.62,36.32,33.908,35.96,43.61,47.912,31.1,40.01,50.0
05-27,40.82,33.08,35.78,45.14,44.06,33.26,35.78,36.14,36.68,45.86,43.16,41.9,41.18,49.64,40.1,42.08,37.22,50.36,38.66,46.76,47.12,29.66,31.82,39.38,50.9,39.74,38.48,39.56,44.96,38.48,46.58,41.36,46.94,41.54,42.44,34.016,38.48,44.15,47.066,29.66,41.0,50.9
05-28,41.72,35.24,38.12,43.88,40.64,35.78,35.6,38.84,42.26,48.56,40.46,44.24,45.86,54.5,39.02,44.96,33.8,43.34,41.18,49.46,45.68,31.28,34.34,39.56,50.54,38.3,38.12,43.34,42.98,39.56,47.84,43.34,38.12,40.82,49.1,35.348,38.786,43.394,48.344,31.28,41.0,54.5
05-29,39.74,34.7,36.5,39.38,43.52,39.02,37.22,39.38,46.04,41.0,43.34,43.7,50.18,55.22,31.82,37.94,34.34,34.34,40.82,50.54,38.66,32.9,37.76,36.86,46.04,43.34,43.52,44.42,46.58,41.9,51.44,39.38,35.96,42.44,41.9,34.448,37.922,43.52,49.1,31.82,40.28,55.22
05-30,38.12,34.88,38.12,42.8,46.04,44.24,35.42,42.98,36.86,34.52,40.28,44.24,48.02,48.74,32.72,36.5,36.32,39.56,41.18,50.54,33.98,33.44,39.56,36.14,46.76,44.06,41.54,45.68,43.52,44.78,52.52,42.26,34.52,45.14,35.06,34.52,36.824,44.24,47.642,32.72,41.36,52.52
05-31,34.34,35.78,36.5,47.12,44.78,43.88,35.42,47.66,42.62,36.86,38.66,47.12,49.64,44.78,40.1,39.38,41.72,40.64,42.8,47.12,41.36,39.38,43.52,33.8,43.16,46.04,39.56,49.28,45.32,42.44,51.26,46.04,35.6,44.06,41.0,35.654,39.542,44.834,47.498,33.8,42.71,51.26
06-01,31.46,42.8,43.52,38.48,39.02,41.9,38.66,41.18,43.16,41.0,39.02,50.9,49.46,41.54,43.7,35.24,48.56,46.04,45.86,42.62,42.98,46.76,46.22,42.08,39.2,48.2,44.24,50.18,36.86,45.14,52.52,47.84,37.4,45.14,45.86,37.724,41.162,45.878,49.19,31.46,43.07,52.52
06-02,33.26,42.26,44.24,37.04,42.62,44.6,42.08,42.8,36.68,41.9,50.0,47.3,38.84,40.28,45.86,34.52,53.6,48.92,42.44,35.24,39.74,38.66,44.96,45.5,44.6,43.34,47.84,47.3,41.72,46.94,48.38,51.8,41.36,43.16,44.06,36.788,41.684,45.536,48.758,33.26,42.98,53.6
06-03,41.9,44.06,41.72,31.82,47.48,41.36,43.52,47.3,30.02,36.86,47.84,33.08,37.58,41.18,49.46,38.3,49.82,48.56,39.56,43.16,38.3,33.44,46.58,37.4,44.24,46.76,48.38,49.64,48.74,44.42,45.14,55.22,42.98,44.06,41.9,34.466,41.018,46.814,49.244,30.02,43.79,55.22
06-04,41.36,43.52,39.38,35.6,48.74,43.7,45.5,52.52,30.56,41.54,47.84,32.72,39.74,39.56,47.48,42.98,47.12,49.46,40.64,44.42,37.58,43.16,50.72,37.58,40.64,45.68,51.44,52.7,52.7,48.74,45.5,54.5,44.42,45.32,43.88,37.58,41.288,47.516,52.196,30.56,44.42,54.5
06-05,39.02,41.0,33.62,36.14,47.84,46.94,42.98,48.02,33.26,40.46,52.88,37.04,47.48,38.84,53.6,43.52,48.56,49.28,41.72,46.94,43.88,50.0,51.62,42.8,44.42,45.68,53.78,49.46,53.06,49.46,49.28,55.58,40.46,48.38,51.8,37.58,42.692,49.28,53.006,33.26,46.94,55.58
06-06,41.72,40.82,35.78,34.16,50.0,27.68,41.9,47.3,36.68,38.84,54.32,40.46,48.56,35.6,50.54,38.48,52.88,37.94,33.8,36.68,40.46,50.18,34.7,46.94,40.82,47.84,54.68,49.64,50.0,47.66,45.86,50.36,37.22,48.92,54.14,34.97,38.426,48.596,50.486,27.68,41.81,54.68
06-07,40.1,43.88,42.44,31.82,34.88,32.54,49.82,43.7,35.96,37.76,56.12,45.5,45.32,40.82,46.76,35.42,52.52,34.52,32.0,34.52,37.22,37.04,42.8,50.18,42.98,50.18,53.6,50.9,48.02,40.1,36.32,53.24,38.84,49.46,52.88,34.52,37.202,46.886,52.034,31.82,42.62,56.12
06-08,41.18,41.72,43.88,34.34,32.72,30.92,48.74,44.24,36.5,35.24,49.82,49.46,38.66,46.4,44.96,33.62,47.84,38.48,35.78,36.14,43.16,39.02,46.04,49.82,40.46,53.78,53.96,54.32,50.9,30.92,32.54,47.3,42.26,45.86,50.9,32.99,38.282,46.49,50.576,30.92,42.71,54.32
06-09,46.76,43.7,48.02,39.92,37.4,28.76,52.16,41.54,38.48,34.7,43.88,53.78,33.62,47.12,46.22,35.06,45.32,45.14,38.3,40.28,43.16,37.22,35.96,53.78,45.14,54.68,57.56,43.7,53.42,34.52,36.14,53.42,47.66,47.12,49.64,34.808,38.462,47.12,53.672,28.76,43.79,57.56
06-10,44.24,47.12,51.62,42.26,43.88,36.32,49.64,41.9,39.92,39.56,41.54,54.5,30.02,48.74,36.68,40.46,40.82,46.94,33.62,41.9,44.78,39.38,32.72,53.24,43.7,49.28,58.28,40.28,41.72,40.64,43.52,46.04,53.42,45.5,47.48,36.428,40.622,46.13,52.754,30.02,42.89,58.28
06-11,37.94,51.98,44.6,39.38,48.56,47.84,47.48,38.3,43.88,42.26,48.2,47.66,36.32,46.58,36.68,41.0,45.32,48.02,28.94,43.34,41.54,41.0,41.54,50.72,42.62,50.18,51.98,43.7,34.7,44.42,46.94,41.9,45.68,45.32,51.98,37.058,41.54,46.994,49.694,28.94,44.15,51.98
06-12,31.46,51.98,51.98,30.74,44.96,53.42,47.84,39.92,43.52,41.18,40.1,38.3,41.72,46.76,38.84,36.32,53.6,48.74,33.8,42.26,39.38,39.92,45.68,44.24,48.2,51.98,46.22,42.44,40.46,49.64,52.88,50.9,41.54,45.14,53.24,36.914,40.424,47.876,51.98,30.74,43.88,53.6
06-13,33.8,46.22,41.72,37.94,44.24,53.24,50.0,41.0,43.16,45.68,39.2,30.2,43.88,45.32,42.26,39.38,56.48,49.82,43.34,45.32,41.72,41.9,42.62,47.12,48.2,49.82,46.4,34.52,54.68,46.04,52.16,55.94,37.94,47.84,52.88,37.94,41.882,47.192,52.916,30.2,44.78,56.48
06-14,32.18,39.2,38.12,47.12,29.66,51.44,45.86,43.34,37.4,44.24,46.58,35.78,46.04,48.74,45.86,47.66,42.62,47.3,47.3,45.5,45.5,42.8,42.8,35.96,38.12,47.48,45.5,42.08,53.06,45.68,42.26,60.8,31.82,44.78,54.32,35.834,42.242,46.094,48.416,29.66,45.14,60.8
06-15,37.4,42.26,33.62,41.36,31.64,50.0,44.96,43.16,36.68,44.78,38.66,40.64,48.02,47.66,41.36,51.8,40.82,51.26,46.58,43.88,47.48,46.22,43.52,44.42,40.82,46.58,42.26,46.04,38.66,45.5,46.94,63.5,38.3,41.72,50.18,37.67,41.306,46.256,49.406,31.64,43.7,63.5
06-16,34.88,49.1,32.0,38.12,36.14,48.92,44.42,44.42,33.8,49.1,35.96,48.38,48.02,48.74,35.6,47.66,46.58,55.94,48.74,46.4,46.4,39.02,49.1,48.74,39.92,44.06,46.58,43.52,40.28,42.8,41.0,60.44,50.36,42.62,44.6,35.708,40.928,48.416,49.1,32.0,45.41,60.44
06-17,40.1,44.78,39.38,33.98,42.8,44.42,51.62,47.48,36.5,59.54,41.36,50.72,51.08,50.18,38.66,51.44,48.2,43.16,51.44,47.12,30.02,36.68,50.9,51.8,37.4,49.28,49.28,43.7,40.64,44.96,35.42,57.2,53.06,42.98,36.86,36.554,41.288,50.234,51.746,30.02,44.87,59.54
06-18,41.18,43.88,45.5,43.16,52.88,38.12,44.24,43.34,39.56,50.72,50.9,40.64,43.52,51.08,37.22,46.94,48.38,42.8,48.2,42.98,44.78,41.36,47.12,51.44,33.8,55.58,56.66,46.94,41.18,46.4,38.3,54.68,52.88,41.9,32.9,38.678,42.71,48.218,52.88,33.8,44.51,56.66
06-19,41.36,51.08,46.58,49.28,55.4,36.68,38.48,41.0,36.32,51.08,37.76,43.34,38.48,52.34,40.46,50.54,46.4,51.8,46.04,47.3,46.94,40.28,40.46,50.72,41.9,56.12,52.34,50.9,41.72,40.64,43.88,55.4,42.62,40.46,40.82,38.48,40.964,50.558,52.34,36.32,44.96,56.12
06-20,46.22,46.94,48.92,52.7,57.2,38.48,41.9,41.36,37.76,53.06,40.64,46.94,46.22,48.92,40.1,55.94,46.22,55.76,48.02,49.28,47.3,41.0,42.8,40.64,50.0,48.92,58.1,51.44,44.24,36.68,45.5,44.24,37.76,37.58,47.48,37.976,41.846,48.92,54.95,36.68,46.22,58.1
06-21,44.96,44.06,51.8,49.1,52.52,39.02,42.08,45.32,42.26,54.86,50.18,53.96,53.06,42.8,42.98,55.58,44.96,56.66,51.26,43.88,46.94,46.22,49.64,41.9,47.84,53.42,59.72,53.78,49.64,33.62,45.5,53.24,43.7,41.54,51.98,41.954,44.042,51.872,54.59,33.62,47.39,59.72
06-22,49.46,42.62,53.42,40.1,50.54,33.8,39.56,50.9,45.68,46.22,49.64,57.2,46.04,34.88,47.84,55.94,49.82,58.46,50.72,43.7,45.5,50.0,53.96,39.38,42.8,50.9,54.68,46.04,45.14,36.14,49.64,60.44,48.92,45.86,55.04,39.434,45.464,50.558,55.562,33.8,48.38,60.44
06-23,54.68,47.3,57.2,31.46,51.62,39.38,41.18,46.58,41.18,47.66,51.08,59.72,46.76,36.68,50.36,50.9,51.44,59.18,49.82,46.4,46.94,49.64,57.92,46.22,44.78,53.06,60.26,43.16,43.16,39.74,53.06,58.1,53.96,43.88,62.96,40.172,46.076,51.764,58.046,31.46,48.65,60.26
06-24,51.98,49.82,49.82,32.72,55.22,44.06,48.2,38.84,42.44,53.96,52.16,59.0,50.36,36.68,50.18,50.54,50.18,57.56,52.34,52.52,51.98,49.46,60.08,51.44,47.66,55.76,53.6,45.32,46.04,40.46,51.98,51.26,42.98,41.9,59.54,40.892,47.498,51.998,55.598,32.72,50.27,60.08
06-25,56.84,41.36,45.68,45.32,54.32,48.02,50.72,44.96,41.9,42.8,45.5,53.78,56.12,39.92,46.04,52.34,52.88,52.34,50.36,55.22,50.9,48.2,59.36,47.3,49.64,55.04,46.94,50.0,53.6,45.14,46.94,49.28,41.18,46.58,54.32,42.17,46.004,52.34,55.166,39.92,48.74,59.36
06-26,53.24,40.82,44.96,48.38,49.64,48.02,51.8,52.88,34.88,48.02,44.24,55.58,57.74,46.22,48.74,45.68,53.6,50.36,49.64,47.48,48.92,44.24,55.58,53.06,45.86,58.1,52.52,55.4,54.32,46.76,53.24,49.28,47.12,46.4,51.98,44.456,47.084,52.898,55.526,34.88,49.1,58.1
06-27,56.3,42.44,48.02,53.42,48.02,42.62,44.6,49.1,35.96,40.46,44.24,55.22,56.12,51.8,45.32,46.04,52.16,55.76,48.02,46.58,51.98,46.94,50.72,58.64,42.62,59.18,55.58,47.48,55.04,52.52,56.3,54.68,52.88,46.04,50.36,42.62,46.526,53.546,56.246,35.96,49.91,59.18
06-28,55.04,40.82,51.8,45.86,53.06,35.24,40.1,48.74,46.76,42.8,48.56,57.92,59.18,49.46,47.12,47.3,57.02,60.26,50.18,52.52,57.56,55.22,56.48,59.9,43.52,62.06,57.56,41.54,56.48,53.96,44.24,55.4,52.52,46.4,43.52,41.918,47.084,55.508,58.802,35.24,52.16,62.06
06-29,57.56,47.84,48.74,41.72,55.4,38.48,44.6,51.08,49.82,44.6,51.08,58.46,58.64,53.06,50.18,43.34,56.84,61.88,54.86,51.8,59.18,55.4,57.38,56.84,46.94,61.34,58.46,40.28,40.64,51.98,39.02,58.1,51.8,46.94,50.36,40.964,47.75,56.84,58.586,38.48,51.8,61.88
06-30,62.78,41.18,38.48,42.08,55.58,43.88,48.38,47.12,50.9,41.0,57.2,58.46,59.72,57.56,47.84,53.78,56.66,60.44,54.68,53.6,56.84,50.0,57.02,58.64,44.78,60.8,51.8,46.58,44.42,50.36,37.58,59.9,49.46,52.34,57.74,41.45,47.768,56.858,59.846,37.58,52.07,62.78
07-01,58.28,46.4,38.48,46.04,58.1,46.58,53.24,35.24,52.88,43.52,51.44,61.34,56.48,60.44,51.62,51.44,51.98,60.98,51.08,53.24,54.86,48.38,61.7,60.26,46.76,60.08,52.88,53.06,50.18,51.44,42.62,56.12,51.44,48.74,45.14,44.276,50.036,54.986,60.386,35.24,51.8,61.7
07-02,56.12,49.1,38.84,46.4,54.86,42.98,57.02,39.2,51.62,45.5,53.96,59.9,55.4,58.64,48.56,48.02,53.24,61.52,50.9,53.24,54.32,51.26,57.92,61.52,53.42,57.38,55.76,52.7,52.16,47.12,50.9,56.12,53.24,54.5,44.24,45.77,50.9,55.436,58.424,38.84,53.24,61.52
07-03,51.44,53.78,40.46,32.9,49.1,40.28,58.28,40.46,52.88,49.28,55.4,60.44,54.5,53.42,48.74,45.86,53.06,59.18,55.04,46.76,46.04,55.76,60.08,62.06,56.84,58.46,50.36,57.38,50.0,48.92,51.8,55.22,51.26,51.26,42.26,42.08,49.262,55.238,58.964,32.9,52.34,62.06
07-04,46.76,54.68,44.06,37.22,48.38,41.72,57.92,46.22,55.94,41.36,45.86,58.46,59.0,53.96,45.14,50.36,55.76,60.26,59.72,49.1,46.58,52.34,57.02,57.56,56.84,61.34,51.8,58.28,50.54,48.2,53.42,56.12,53.6,44.06,44.24,44.06,48.056,56.192,58.838,37.22,52.88,61.34
07-05,56.12,52.52,52.88,37.04,45.5,49.28,55.76,47.12,53.6,49.64,53.78,62.06,58.64,56.3,43.52,54.86,53.06,62.42,54.14,52.7,43.52,51.62,50.9,49.1,57.02,51.8,49.64,58.82,56.84,48.02,51.8,50.0,53.96,46.22,49.28,45.716,49.64,54.212,58.154,37.04,52.61,62.42
07-06,56.3,51.44,53.24,33.98,34.52,50.18,51.08,49.64,54.5,55.76,51.44,54.5,57.74,52.88,50.72,57.92,55.22,63.32,50.0,53.6,44.6,52.52,53.78,50.9,58.1,50.0,46.76,58.82,62.06,52.34,53.42,56.84,53.78,46.94,48.56,46.814,50.882,54.572,58.046,33.98,53.06,63.32
07-07,52.88,47.48,46.22,37.94,42.98,55.58,51.26,50.54,55.04,56.48,55.04,57.38,57.56,54.68,51.98,58.82,51.26,57.74,52.34,51.8,47.12,56.3,55.04,51.98,54.14,51.26,47.66,55.4,62.42,51.8,54.86,57.38,53.78,46.94,48.92,46.994,51.26,55.076,57.506,37.94,53.33,62.42
07-08,53.42,52.52,42.8,38.66,51.44,57.02,48.38,53.78,54.5,50.36,57.38,55.58,60.8,51.98,48.56,63.86,56.3,56.48,52.88,47.66,52.34,51.8,53.96,55.58,55.76,47.66,57.02,58.28,59.72,47.3,49.46,58.64,58.1,50.54,55.4,47.66,51.35,56.318,58.532,38.66,53.6,63.86
07-09,51.26,55.04,38.48,46.58,56.12,54.68,50.36,54.5,55.22,51.8,55.58,54.86,57.02,54.5,53.24,61.34,54.5,58.64,56.3,44.06,56.12,51.26,58.64,56.48,57.56,49.28,58.46,55.4,60.08,45.14,53.6,55.76,62.6,55.58,58.64,47.39,53.564,56.138,58.64,38.48,55.13,62.6
07-10,53.6,47.66,43.34,42.44,50.0,53.6,52.16,48.2,56.12,52.88,52.34,51.8,58.28,58.64,55.22,47.84,52.52,54.14,58.64,50.54,54.5,53.6,57.2,59.54,55.4,48.02,42.26,58.64,61.16,53.78,55.22,56.3,53.78,60.08,61.7,47.714,52.124,55.472,58.64,42.26,53.69,61.16
07-11,53.96,50.18,40.82,46.4,50.18,52.16,50.9,43.34,53.6,55.94,50.54,51.62,61.88,59.36,56.48,52.16,58.82,55.76,49.1,56.12,51.08,51.26,55.94,56.66,54.86,51.62,37.94,53.78,58.64,56.66,56.48,57.74,53.78,56.3,64.04,47.21,51.242,56.138,58.37,37.94,53.78,61.88
07-12,56.12,54.86,39.02,44.6,49.82,50.54,50.54,38.12,54.86,60.26,57.38,55.22,66.2,62.6,57.2,59.9,51.26,56.48,49.1,59.18,53.6,48.38,58.46,53.96,55.58,50.72,44.06,55.04,57.74,57.38,60.62,57.2,58.46,54.5,58.64,45.734,51.206,57.38,60.152,38.12,55.13,66.2
07-13,53.6,59.72,45.5,41.0,44.96,48.02,50.9,44.78,55.94,60.8,61.7,56.48,63.68,62.78,55.76,66.92,53.6,58.82,55.22,50.54,51.26,51.26,56.48,55.04,56.48,53.96,45.14,60.08,59.18,54.68,49.64,52.88,56.3,53.42,60.98,45.248,51.26,56.48,61.43,41.0,54.86,66.92
07-14,55.4,57.02,48.38,45.5,46.58,46.94,54.5,52.34,56.48,49.28,62.78,51.26,63.68,57.92,61.34,60.62,60.98,58.64,54.68,44.78,50.36,50.54,55.22,55.58,55.22,53.6,49.82,60.8,59.0,58.28,47.48,55.04,57.02,52.52,58.28,47.102,51.188,57.11,60.926,44.78,55.13,63.68
07-15,53.6,59.18,48.2,42.98,48.38,45.68,53.06,57.74,58.28,46.76,59.9,46.22,61.52,58.64,58.64,63.14,65.48,61.16,56.3,49.28,53.96,52.7,54.68,58.82,51.98,47.66,53.06,58.28,57.74,55.04,51.62,58.64,54.14,55.22,53.6,47.03,52.628,58.316,60.782,42.98,54.86,65.48
07-16,58.46,59.0,45.14,40.46,49.1,48.02,46.22,58.28,60.98,44.42,56.48,46.4,56.48,62.96,59.54,61.88,62.6,63.14,55.04,56.3,58.1,55.76,50.72,54.86,52.34,49.64,51.44,55.4,54.68,49.28,56.3,59.72,56.84,58.64,55.76,46.274,51.368,58.298,61.61,40.46,56.03,63.14
07-17,57.56,60.26,48.74,42.26,56.12,50.72,46.94,56.84,62.6,48.74,49.28,50.0,56.12,67.28,61.16,48.92,62.06,60.08,51.08,56.66,55.94,59.18,52.7,55.94,53.78,47.66,53.24,55.04,51.8,52.16,59.0,60.62,61.16,60.08,54.14,48.74,51.728,59.018,61.16,42.26,55.94,67.28
07-18,52.52,54.68,54.14,42.8,55.4,52.52,52.88,52.16,63.32,51.08,45.86,49.1,57.2,60.98,56.3,55.76,63.68,61.52,49.28,60.08,54.32,58.46,57.38,58.28,56.84,45.5,59.18,56.84,54.68,55.58,55.4,64.4,60.44,58.28,56.66,49.154,54.014,58.28,61.358,42.8,55.67,64.4
07-19,50.36,54.86,44.6,50.36,46.04,46.94,53.78,45.86,62.96,53.42,48.38,52.52,56.66,60.98,54.32,59.9,59.36,64.94,51.98,56.84,52.52,56.48,60.08,58.64,58.82,50.36,60.44,60.62,57.38,55.04,55.4,62.96,57.92,55.58,59.54,47.372,52.52,58.658,60.872,44.6,55.49,64.94
07-20,42.26,50.72,45.68,53.24,50.0,48.38,50.72,48.74,62.96,53.24,51.08,55.04,52.34,62.96,51.44,61.34,60.08,64.4,56.3,51.98,56.66,51.44,58.46,57.74,60.26,54.86,60.08,56.84,58.46,53.42,53.96,57.38,59.18,55.22,56.12,49.118,51.926,57.812,61.016,42.26,54.95,64.4
07-21,43.52,51.98,41.54,51.08,55.4,48.92,52.52,53.96,57.92,56.48,53.06,57.2,51.44,61.52,53.06,61.7,58.64,64.4,57.56,55.94,54.14,53.42,60.08,58.64,51.62,51.8,61.88,56.3,60.8,54.14,56.12,57.2,58.46,56.66,56.12,51.188,53.06,57.596,61.304,41.54,56.03,64.4
07-22,45.14,49.64,49.82,44.24,58.28,45.86,53.6,54.5,54.86,57.56,58.82,53.06,53.06,63.14,46.22,62.78,62.96,65.84,56.12,58.64,51.98,56.3,56.3,58.64,55.76,52.34,60.98,57.38,57.38,59.0,60.44,54.68,61.52,60.98,59.54,47.246,53.546,58.658,62.402,44.24,56.3,65.84
07-23,49.1,48.56,50.72,45.14,53.96,49.64,52.7,56.66,54.32,59.18,61.7,53.6,53.24,63.86,47.66,61.16,60.98,63.14,57.2,61.34,49.64,53.06,56.48,57.56,61.16,48.56,53.78,56.48,56.48,59.72,53.78,55.4,56.3,62.42,61.16,48.722,53.222,57.722,61.592,45.14,55.85,63.86
07-24,47.48,50.54,50.18,39.92,52.16,47.84,51.98,54.32,53.78,60.44,59.54,55.58,58.28,61.88,50.9,59.0,55.4,59.9,56.3,57.38,53.6,57.2,56.3,58.82,58.28,52.52,55.04,57.74,54.86,55.22,54.32,58.28,57.56,59.72,62.06,50.288,53.762,57.794,59.666,39.92,55.49,61.88
07-25,48.56,47.48,51.26,41.72,52.88,52.52,55.4,48.02,56.84,51.98,56.66,56.3,52.34,54.5,55.22,46.76,57.56,54.86,57.92,57.74,59.54,61.7,56.3,57.02,54.5,52.7,59.72,51.62,55.04,54.32,52.7,61.34,55.76,59.36,59.9,48.182,52.682,56.678,59.486,41.72,54.95,61.7
07-26,41.18,48.38,52.34,37.4,54.68,56.12,53.42,50.9,57.92,56.12,57.92,56.66,48.02,55.58,52.34,46.04,55.94,54.5,62.24,57.2,57.38,57.02,55.22,59.0,52.88,52.7,56.66,54.68,55.76,57.74,55.58,61.88,55.76,59.54,55.04,48.128,53.366,56.696,58.676,37.4,55.67,62.24
07-27,47.66,53.96,52.52,43.34,56.48,59.18,54.68,51.26,57.38,61.88,59.36,57.02,44.24,57.02,51.44,53.06,61.7,54.86,62.06,51.98,55.94,54.14,51.62,53.42,56.12,45.86,57.2,51.98,53.06,52.52,57.92,64.22,57.74,56.12,49.46,48.74,52.52,57.038,60.998,43.34,54.77,64.22
07-28,43.34,55.94,51.08,51.62,51.44,61.16,57.38,52.88,53.6,64.76,60.98,58.46,48.92,59.18,50.18,54.68,63.32,55.94,58.1,49.46,56.3,53.78,54.32,50.36,57.2,38.48,53.96,52.7,51.8,52.88,52.7,60.26,57.38,55.94,49.82,49.676,52.61,57.218,60.764,38.48,54.14,64.76
07-29,44.06,58.64,48.56,52.34,56.3,59.0,51.8,49.46,50.0,56.84,61.16,57.02,55.04,57.2,50.72,55.22,65.48,57.74,59.72,44.6,56.84,56.48,54.5,50.18,53.42,47.84,56.12,51.62,50.18,53.78,50.36,56.48,57.74,59.18,53.78,48.83,51.53,56.858,59.126,44.06,55.13,65.48
07-30,49.82,54.14,50.72,58.46,56.48,42.98,50.0,53.6,48.74,56.66,62.96,55.76,57.38,59.72,55.76,55.4,62.24,61.34,58.28,46.58,58.28,58.46,59.18,48.02,54.5,54.32,58.28,56.3,53.78,55.22,56.12,60.08,60.26,59.18,50.0,49.064,54.302,58.298,60.206,42.98,56.21,62.96
07-31,51.26,58.1,54.32,52.88,57.02,47.3,51.98,53.78,52.34,47.3,63.14,45.32,55.04,57.38,58.82,55.04,50.54,59.9,55.76,48.56,55.58,54.68,56.66,53.42,53.06,57.2,56.84,58.28,58.46,56.66,58.28,59.0,60.08,58.1,50.36,49.154,53.384,57.452,58.946,45.32,55.67,63.14
08-01,49.82,51.8,54.14,49.82,,52.52,53.78,52.88,46.94,55.94,61.7,52.7,50.36,58.46,60.08,58.1,44.06,57.2,63.32,51.98,56.66,51.08,58.28,54.5,52.16,58.1,56.12,57.92,58.28,53.6,59.0,59.54,62.96,60.98,59.0,49.928,52.628,58.172,60.8,44.06,55.94,63.32
08-02,50.72,48.2,54.68,45.5,52.88,53.42,55.4,52.34,48.92,56.84,60.08,59.54,48.38,62.06,58.28,53.78,50.18,57.92,60.8,55.4,55.58,52.16,55.94,52.16,54.68,59.9,61.52,53.42,55.4,56.12,60.98,54.32,56.3,54.68,62.6,49.298,53.366,56.354,60.584,45.5,55.04,62.06
08-03,50.0,51.98,51.98,44.6,50.72,53.78,45.32,57.56,50.54,52.34,58.28,57.38,48.38,56.3,56.12,49.46,50.54,56.3,55.22,54.32,54.32,55.22,48.02,54.14,53.6,58.1,58.46,53.24,53.24,59.0,58.28,53.24,54.86,50.0,63.86,48.704,51.854,55.31,58.226,44.6,53.69,59.0
08-04,51.8,48.2,53.42,46.94,51.98,52.16,42.62,55.94,53.96,52.34,52.7,57.92,52.7,51.44,56.12,53.6,51.26,54.68,53.24,55.76,54.5,56.48,50.0,55.22,50.18,50.54,51.62,56.3,51.08,57.74,56.3,55.58,59.54,50.9,55.4,50.054,51.602,55.256,56.426,42.62,52.97,59.54
08-05,52.88,48.74,55.22,41.18,55.4,55.76,47.84,49.82,57.74,54.14,50.54,57.2,55.22,54.68,57.56,58.1,51.26,50.54,57.02,57.74,56.66,51.44,58.1,55.58,50.0,48.74,57.2,51.26,44.24,56.12,56.66,56.84,54.68,50.0,57.02,48.74,51.188,56.66,57.686,41.18,54.95,58.1
08-06,58.64,48.2,54.5,42.08,57.02,60.98,39.02,52.16,60.8,51.26,55.76,62.42,56.12,58.28,57.74,59.54,53.24,52.7,57.38,53.96,51.08,53.06,53.06,53.96,51.26,48.74,54.5,49.64,48.74,55.58,54.32,48.38,47.66,46.94,58.1,47.822,51.242,55.796,59.27,39.02,53.6,62.42
08-07,59.0,52.16,58.28,46.04,55.94,59.36,47.84,55.4,57.92,52.34,55.76,63.5,50.72,59.54,52.34,58.82,54.86,55.22,59.18,47.84,49.46,50.54,56.84,54.32,49.28,51.98,49.64,51.26,53.96,57.92,56.66,51.26,51.98,46.4,52.16,48.272,51.26,56.678,59.126,46.04,54.14,63.5
08-08,57.92,55.76,62.24,47.12,51.44,40.28,55.04,52.7,57.2,54.5,57.2,57.38,40.28,55.22,51.44,57.56,54.68,51.62,54.5,44.06,51.08,51.62,60.44,52.52,48.38,46.22,53.06,50.36,56.84,53.6,55.76,56.12,56.66,46.58,48.38,46.328,51.44,55.796,57.506,40.28,54.05,62.24
08-09,57.56,54.32,57.2,53.96,48.92,48.02,56.3,40.82,56.48,56.3,60.44,50.54,43.34,53.42,52.88,53.96,54.86,54.32,54.14,47.48,47.84,49.46,58.64,47.84,50.9,48.92,56.48,47.66,60.08,50.72,53.78,49.64,59.72,51.08,48.56,47.714,49.622,55.004,58.316,40.82,53.6,60.44
08-10,52.88,57.56,55.58,52.88,55.94,53.42,56.66,42.98,56.84,59.36,55.76,54.86,51.62,58.46,52.52,50.9,55.76,55.58,54.86,51.08,52.34,51.8,54.32,51.62,54.5,54.5,52.52,50.0,62.6,52.16,55.76,54.86,63.68,51.98,47.66,51.242,52.502,55.76,58.19,42.98,54.5,63.68
08-11,47.3,56.12,50.72,46.76,55.04,54.32,60.8,45.32,55.58,46.4,57.56,51.98,49.64,58.82,51.08,47.48,57.38,54.86,52.88,54.14,53.96,52.52,51.98,51.98,57.92,58.28,49.28,51.44,64.94,53.06,56.3,56.84,60.08,53.78,49.28,47.354,51.926,56.138,58.658,45.32,53.87,64.94
08-12,50.18,51.98,50.72,45.68,50.9,56.3,60.44,44.06,56.84,44.42,55.4,55.04,44.06,60.26,53.06,43.34,49.64,61.7,52.16,55.58,48.56,50.72,55.4,54.14,58.82,56.48,48.74,51.98,61.88,47.84,55.22,57.2,57.02,55.04,49.82,44.798,50.666,55.652,59.828,43.34,53.6,61.88
08-13,51.8,55.22,54.32,47.48,53.6,48.2,55.04,43.16,57.92,46.22,59.18,52.88,51.62,61.16,55.76,40.28,48.2,59.54,50.36,55.04,43.16,55.22,56.84,50.9,56.84,58.1,53.6,49.82,56.3,50.72,55.04,57.74,55.4,48.92,47.12,46.598,50.684,55.436,58.046,40.28,53.96,61.16
08-14,54.5,53.96,58.82,46.76,55.04,49.28,51.62,46.76,57.92,51.8,56.12,51.26,51.08,64.58,58.1,46.22,52.16,60.44,48.92,52.52,45.14,57.02,57.56,53.42,53.24,57.74,55.04,45.32,52.16,53.06,53.42,59.72,52.88,55.22,45.5,46.76,51.782,55.31,58.604,45.14,53.33,64.58
08-15,57.74,49.64,55.04,46.94,55.04,57.02,51.44,46.76,52.16,47.3,58.64,48.74,53.96,64.22,59.0,52.34,50.72,58.1,46.58,41.72,50.36,53.42,48.2,57.2,53.24,55.22,54.5,47.12,55.04,50.72,56.12,58.1,56.3,60.8,50.54,46.994,50.684,56.138,58.478,41.72,53.69,64.22
08-16,50.54,51.08,50.72,45.32,53.24,56.84,55.94,40.64,53.96,49.46,54.32,49.28,55.04,59.72,57.56,53.78,51.44,56.48,52.16,39.56,50.9,49.64,50.72,59.18,52.52,50.36,57.56,48.38,58.1,48.92,58.46,59.36,58.28,61.7,51.62,48.542,50.702,56.516,58.964,39.56,52.88,61.7
08-17,49.82,47.12,51.62,44.24,54.68,46.76,55.76,48.56,48.56,53.06,52.7,54.68,51.08,46.58,55.4,50.72,50.72,51.8,55.22,44.6,54.14,54.14,53.06,59.9,51.62,42.8,56.48,51.26,56.3,50.18,62.96,57.38,58.64,63.86,56.3,46.634,50.666,54.734,58.262,42.8,52.25,63.86
08-18,49.1,51.98,51.08,48.2,53.96,39.02,45.32,47.48,51.44,56.3,46.94,60.08,49.46,53.96,50.36,42.62,48.2,50.36,58.1,46.76,58.46,53.6,51.98,61.52,51.44,38.66,50.54,53.6,49.64,53.96,59.72,44.24,57.2,59.9,56.66,44.564,49.01,53.96,59.342,38.66,51.26,61.52
08-19,45.68,52.52,56.66,46.94,53.42,46.22,48.2,46.76,51.98,53.06,52.7,56.3,51.98,62.42,53.78,46.76,51.44,52.16,59.54,50.9,53.24,52.7,54.5,59.54,51.8,46.22,42.62,53.42,51.08,61.7,54.86,44.96,55.76,55.58,54.5,46.22,51.062,53.852,58.676,42.62,52.61,62.42
08-20,45.32,53.96,46.58,51.98,55.4,53.96,54.32,53.06,55.4,51.62,48.38,54.68,52.34,63.32,51.44,53.6,53.24,49.28,57.38,55.76,53.96,54.68,52.88,58.28,47.66,52.34,47.66,52.7,47.48,57.74,55.04,40.1,56.84,50.36,55.94,47.534,51.602,54.68,57.218,40.1,53.15,63.32
08-21,47.12,55.58,51.26,42.26,52.88,53.42,47.3,52.7,52.88,52.88,49.64,53.6,44.42,60.08,53.06,56.66,54.5,49.28,53.6,60.62,57.92,53.96,56.84,54.68,44.96,53.42,55.94,51.44,46.58,56.84,56.12,43.16,54.86,54.86,54.68,45.446,51.422,54.86,56.84,42.26,53.42,60.62
08-22,43.7,56.12,47.48,43.52,48.92,57.92,48.92,55.94,53.42,53.96,52.88,54.32,46.4,54.14,52.52,53.42,60.08,47.12,45.86,61.34,51.98,59.0,54.86,55.4,43.7,41.72,56.66,54.86,48.92,52.16,59.0,44.78,53.42,53.96,54.14,44.024,48.92,54.86,58.676,41.72,53.42,61.34
08-23,45.32,55.4,34.52,53.06,48.92,52.7,54.68,54.5,55.04,57.02,57.74,55.94,45.86,55.22,41.72,54.68,59.72,44.24,53.24,54.5,42.8,58.46,55.94,54.86,40.82,48.92,48.02,55.58,49.82,47.48,58.28,53.24,54.14,53.78,52.16,43.232,48.92,55.058,57.524,34.52,53.96,59.72
08-24,43.16,60.98,32.54,53.78,56.12,51.08,57.02,50.36,50.36,56.3,53.6,54.14,47.48,57.56,46.4,48.74,52.7,44.78,58.82,51.26,48.38,56.84,54.68,50.54,36.68,56.3,41.18,51.44,50.9,54.68,57.38,51.26,52.7,53.6,54.14,43.646,50.36,54.68,57.272,32.54,52.07,60.98
08-25,42.98,60.08,31.28,40.46,54.32,46.76,53.24,48.74,53.42,56.84,55.4,55.76,50.72,57.02,43.52,45.32,48.38,54.86,59.72,52.16,55.04,57.02,49.64,55.58,41.36,56.12,42.98,48.74,51.26,51.08,59.18,50.18,50.72,52.88,48.92,42.98,48.74,55.076,57.02,31.28,51.71,60.08
08-26,46.04,53.96,38.84,39.92,57.56,53.78,55.58,45.86,52.52,58.64,50.54,57.74,47.84,58.1,41.0,50.72,47.84,59.0,53.42,55.22,59.54,56.66,51.62,55.22,46.04,54.14,43.52,53.42,48.92,45.14,55.94,49.46,50.72,53.96,46.04,44.006,48.812,55.22,57.992,38.84,52.97,59.54
08-27,50.18,52.16,48.74,43.7,52.34,54.86,55.58,47.3,52.88,57.02,53.96,56.84,45.32,51.98,42.44,52.34,48.74,56.12,44.24,57.02,57.74,59.72,57.02,54.32,49.82,48.02,50.9,56.84,37.76,47.84,47.66,46.58,51.62,49.28,51.98,44.564,48.668,54.374,57.02,37.76,51.8,59.72
08-28,52.16,47.48,49.28,48.74,50.0,57.02,51.8,54.68,57.38,49.82,53.78,59.36,45.68,48.38,47.48,54.5,52.7,51.44,51.44,55.04,46.4,56.84,59.54,53.42,51.62,53.24,53.06,57.56,39.38,53.96,50.36,43.16,50.36,52.16,50.36,46.724,49.982,53.798,57.272,39.38,51.98,59.54
08-29,53.96,50.72,41.18,37.76,46.94,56.48,47.66,51.98,58.82,50.9,53.6,54.14,48.02,44.24,51.26,57.2,56.12,54.14,53.42,56.48,43.7,51.62,61.7,53.24,49.28,55.4,55.4,56.66,46.94,54.32,54.68,49.1,52.7,56.12,46.76,45.05,50.576,54.752,56.606,37.76,53.33,61.7
08-30,51.08,55.22,45.14,36.5,42.44,,52.88,51.8,59.54,54.68,45.68,56.12,50.18,46.4,52.16,43.88,57.02,55.76,61.34,55.94,39.92,51.8,53.78,58.28,43.52,53.06,58.1,57.02,48.74,49.82,44.42,53.6,57.38,51.26,52.34,43.592,49.388,55.436,57.956,36.5,52.16,61.34
08-31,48.38,58.64,43.7,44.78,42.98,50.54,56.12,53.06,54.14,45.32,45.86,53.6,49.46,48.56,54.32,44.24,42.62,51.98,49.28,49.64,38.66,53.42,52.34,54.68,40.64,49.46,59.54,52.88,46.94,53.6,35.78,55.22,58.64,49.64,55.4,42.728,46.832,53.438,55.85,35.78,49.64,59.54
09-01,53.06,54.32,44.6,40.64,44.24,55.04,48.2,50.36,55.22,43.88,44.96,56.48,54.68,53.96,56.12,48.2,41.9,54.5,33.98,51.62,38.12,48.38,47.66,56.12,43.16,57.74,57.56,54.32,48.38,57.92,46.4,51.8,59.0,52.52,56.66,42.278,47.534,54.518,57.236,33.98,51.71,59.0
09-02,50.9,54.86,47.48,42.8,49.28,59.54,46.58,52.7,57.92,39.02,41.54,58.1,54.14,53.6,47.12,51.8,47.3,58.46,41.18,55.04,40.28,46.76,48.02,52.88,49.46,56.84,54.86,58.1,48.92,60.8,53.78,47.48,56.48,51.8,56.48,41.918,47.48,54.86,58.1,39.02,51.8,60.8
09-03,50.54,50.54,49.64,47.48,46.04,56.12,49.46,52.88,57.74,37.76,45.14,58.46,53.06,53.24,37.4,52.88,51.98,58.64,39.92,56.66,48.92,41.54,48.74,56.84,49.1,52.88,48.38,59.18,51.44,56.12,55.94,45.86,61.88,48.02,49.1,42.62,48.704,53.51,58.244,37.4,50.99,61.88
09-04,49.46,50.18,38.48,47.12,41.54,50.9,53.06,49.82,59.18,40.28,49.64,56.84,55.76,55.4,42.8,53.06,54.32,56.66,36.14,57.92,50.36,47.84,46.94,53.6,39.92,48.38,43.16,51.08,48.02,59.0,56.12,46.94,64.58,44.24,47.84,40.658,47.102,53.672,57.596,36.14,50.0,64.58
09-05,47.3,49.64,33.98,42.26,44.06,49.46,41.36,49.1,56.84,45.5,50.72,53.42,50.0,52.52,41.9,49.1,54.5,48.74,35.42,58.46,41.54,53.78,47.84,56.84,42.44,42.26,35.24,48.74,51.8,56.84,61.16,52.34,59.72,45.14,51.62,41.414,45.032,52.358,56.84,33.98,49.1,61.16
09-06,49.28,55.4,30.2,42.44,48.74,44.78,37.22,46.58,56.3,50.54,38.84,36.68,44.6,48.56,43.52,50.18,51.26,44.6,40.46,54.86,34.52,49.28,44.06,55.4,47.12,40.1,42.44,51.8,52.7,50.18,58.82,56.12,60.08,48.56,53.6,37.706,44.006,50.612,55.904,30.2,48.56,60.08
09-07,52.7,47.84,26.6,43.88,51.44,43.7,44.6,48.02,57.56,39.02,44.78,32.72,43.88,48.38,46.22,53.06,50.18,48.92,40.1,47.3,43.16,49.64,44.24,51.26,50.0,44.6,46.76,53.24,53.06,45.5,37.58,54.68,61.34,48.74,54.14,39.344,44.564,50.018,53.186,26.6,47.57,61.34
09-08,51.98,42.44,37.58,48.02,49.64,39.38,47.48,47.3,54.14,42.26,50.9,34.88,40.64,41.72,50.0,56.12,48.74,38.84,44.24,44.96,46.4,50.54,48.74,49.28,48.74,45.86,46.04,53.24,47.66,44.24,27.86,56.66,48.02,50.0,56.12,39.002,44.24,49.316,52.862,27.86,47.57,56.66
09-09,47.66,40.1,41.36,44.96,52.7,42.8,49.46,50.9,52.16,48.92,40.64,43.7,42.8,40.46,50.72,53.42,44.42,34.52,47.84,48.74,39.38,50.9,54.68,46.58,43.16,51.44,39.2,53.96,47.66,42.26,37.4,59.54,37.22,47.66,53.24,39.254,42.746,49.586,53.204,34.52,47.12,59.54
09-10,50.36,42.44,43.34,51.08,47.48,41.18,51.62,49.64,46.76,46.58,42.44,47.12,46.22,38.66,48.74,39.74,46.22,41.54,39.2,51.08,36.68,50.36,55.94,49.1,37.4,49.1,47.66,54.5,51.8,40.1,43.7,57.38,41.36,46.4,53.06,39.362,42.44,49.154,51.746,36.68,46.67,57.38
09-11,52.16,38.48,45.5,52.52,44.24,44.24,51.44,45.14,49.1,37.4,46.22,50.0,48.56,43.88,54.5,35.24,48.02,49.64,41.72,47.48,43.52,48.92,45.14,50.36,26.78,50.18,47.66,55.22,,38.48,47.12,51.8,50.54,47.12,49.28,38.48,44.78,49.784,52.088,26.78,47.48,55.22
09-12,56.84,41.18,41.72,32.36,45.86,46.58,48.74,42.98,47.3,36.14,51.26,47.84,45.68,35.06,50.72,34.52,52.52,51.98,43.7,46.22,45.14,48.2,38.84,47.84,33.98,53.06,31.64,56.48,,42.08,50.36,48.92,52.88,50.0,36.86,34.628,42.62,49.352,52.808,31.64,46.58,56.84
09-13,49.28,42.26,32.0,26.6,46.04,48.38,44.24,49.1,52.88,41.0,52.34,48.2,47.66,32.9,36.14,35.78,55.22,43.34,38.84,44.78,46.94,47.3,45.86,50.0,41.72,54.32,35.78,50.18,,46.76,51.26,46.22,54.32,40.28,36.32,35.78,42.044,48.668,52.772,26.6,46.22,55.22
09-14,52.52,30.02,42.8,35.24,36.86,51.44,41.0,51.44,53.78,43.34,54.32,40.28,49.1,40.1,34.52,41.36,46.58,45.68,42.98,52.7,46.4,42.26,49.28,46.22,44.78,50.0,41.18,44.24,,51.26,52.88,47.84,45.68,43.52,42.08,37.508,42.584,49.172,52.664,30.02,45.68,54.32
09-15,52.88,31.28,48.92,39.74,38.84,49.28,40.82,44.24,56.12,45.14,57.56,43.16,51.62,45.5,34.7,42.62,38.48,48.92,50.36,55.4,43.88,45.32,52.52,48.56,48.02,42.98,39.92,33.08,,56.3,52.52,51.62,44.96,45.32,48.2,38.552,43.088,49.712,54.896,31.28,45.32,57.56
09-16,48.56,36.14,49.28,33.62,43.88,49.1,33.26,35.42,53.42,47.84,55.22,45.86,51.8,39.92,41.18,42.98,31.1,47.66,52.7,55.76,50.72,42.08,43.34,52.52,50.72,37.4,41.54,30.74,,49.28,52.7,43.34,40.28,47.48,48.2,33.98,41.396,49.28,52.7,30.74,45.86,55.76
09-17,45.32,32.72,40.28,35.6,46.4,47.48,28.04,46.58,57.2,48.2,51.26,43.52,40.64,29.3,50.54,37.22,30.38,44.06,54.5,57.38,50.0,39.74,42.8,44.06,49.64,35.24,46.76,34.16,,38.12,52.16,47.84,40.46,49.64,41.36,33.008,40.064,47.984,51.98,28.04,44.06,57.38
09-18,44.42,32.54,40.28,36.5,41.72,40.46,28.76,37.76,49.82,43.52,47.84,43.88,38.3,34.34,52.34,36.14,37.76,37.94,53.42,55.58,51.8,40.28,48.38,36.32,48.2,35.42,47.12,42.26,,45.14,54.32,51.26,43.88,46.04,37.76,35.564,38.156,47.408,52.232,28.76,43.52,55.58
09-19,41.0,42.08,44.78,35.78,41.0,34.34,29.84,35.96,38.84,37.58,38.66,44.6,44.78,38.66,39.92,45.14,43.16,41.0,52.34,54.86,53.42,42.98,48.2,35.24,48.38,40.1,51.62,31.64,,45.32,43.7,37.58,51.44,46.4,41.36,35.348,38.768,44.924,51.584,29.84,42.08,54.86
09-20,36.14,47.48,43.16,39.2,43.34,,35.6,38.12,33.44,40.28,37.22,44.42,42.8,38.66,32.72,51.44,41.72,47.3,46.76,42.44,44.78,36.86,49.82,41.18,48.02,48.56,53.24,32.54,,35.6,39.92,32.0,48.56,42.62,45.68,33.656,38.282,44.672,48.56,32.0,42.08,53.24
09-21,37.94,38.3,41.72,35.42,33.98,22.82,39.02,40.64,36.32,46.04,29.12,48.74,33.08,40.46,28.58,44.24,34.16,47.12,35.78,37.22,42.8,40.46,49.82,47.48,49.46,50.18,45.14,33.62,,35.24,45.5,35.24,44.96,40.82,39.74,33.188,35.636,44.528,48.488,22.82,40.46,50.18
09-22,41.0,32.9,47.84,33.62,43.16,33.62,32.18,39.38,36.86,48.02,16.7,46.76,39.92,49.46,29.48,43.88,30.56,49.82,37.22,45.68,42.62,47.66,50.36,46.94,47.48,49.64,44.24,32.0,,37.76,48.2,43.34,38.48,36.14,44.24,32.036,37.076,46.832,49.208,16.7,42.62,50.36
09-23,46.4,36.14,53.24,36.5,48.38,29.66,30.38,42.08,46.58,50.72,20.48,50.18,44.24,49.1,37.94,41.36,32.9,38.66,37.04,52.16,42.8,50.54,51.62,40.28,48.92,50.54,43.16,33.44,,44.78,50.0,44.24,40.28,35.06,45.68,33.008,38.372,48.596,50.684,20.48,43.16,53.24
09-24,47.12,43.34,40.46,39.92,48.38,32.9,35.42,46.58,49.64,43.16,28.76,53.6,43.88,48.2,39.92,36.14,34.7,33.26,43.88,51.8,46.22,51.98,48.56,41.9,51.08,51.62,36.14,31.82,,46.4,53.6,44.6,43.88,39.02,50.18,33.548,39.92,47.552,51.764,28.76,43.88,53.6
09-25,47.48,44.42,28.94,37.58,48.38,38.84,25.7,49.28,43.16,38.84,36.68,53.6,36.68,53.78,44.78,34.34,40.46,36.68,53.6,53.42,49.28,52.52,44.6,33.98,53.42,55.58,42.44,32.54,33.8,44.96,43.16,47.84,45.5,45.14,54.68,33.854,38.714,47.894,53.546,25.7,44.51,55.58
09-26,41.72,46.04,32.9,40.64,48.2,41.72,18.32,48.02,40.28,26.42,39.56,50.54,39.02,50.9,45.14,42.98,42.98,39.92,46.58,51.98,53.78,50.54,44.24,29.66,52.34,58.28,46.22,36.14,40.28,42.8,37.22,51.26,48.56,48.92,53.42,33.872,40.28,48.236,51.764,18.32,43.61,58.28
09-27,40.1,47.84,38.3,45.5,50.18,42.26,26.42,35.96,48.74,23.54,41.72,51.8,35.78,43.88,44.24,43.34,41.18,41.72,48.02,41.36,52.7,51.44,44.96,29.66,42.8,49.64,48.2,38.12,40.1,37.4,33.62,50.9,49.1,48.2,50.18,34.268,40.1,48.038,50.684,23.54,43.07,52.7
09-28,39.56,41.9,39.92,42.26,50.0,42.8,39.38,39.74,45.14,27.86,46.4,50.9,41.0,41.9,44.42,39.74,47.48,45.14,48.74,48.02,54.68,51.98,46.58,33.98,39.74,44.6,49.1,37.94,39.2,34.52,37.58,45.14,48.92,42.26,,37.688,39.74,46.418,49.73,27.86,42.53,54.68
09-29,41.36,41.36,44.96,46.04,43.88,33.26,44.24,42.98,45.68,39.38,48.2,46.76,41.18,37.4,43.34,44.78,45.86,37.4,49.82,49.64,49.1,43.52,44.42,38.12,39.74,45.68,47.84,39.56,41.0,31.82,47.12,36.32,44.78,42.44,,37.4,41.162,45.68,48.092,31.82,43.7,49.82
09-30,46.22,42.44,47.66,46.94,42.8,32.36,47.12,48.38,41.0,40.64,45.32,47.3,31.82,39.56,41.54,47.3,46.4,37.76,52.16,33.98,48.92,50.72,44.06,36.5,37.04,47.84,46.76,37.4,34.52,28.04,43.52,37.4,40.1,47.84,,34.142,39.38,46.958,48.218,28.04,43.16,52.16
